" Продажи по группам (с ассортиментом)" ;" " ;" " ;" " ;" " ;" " ;" " ;" " 
" Группа товара" ;" id_goods" ;" Наименование" ;" Розница" ;" " ;" Опт" ;" " ;" Всего" 
" " ;" " ;" " ;" Единиц" ;" Гривен" ;" Единиц" ;" Гривен" ;" Гривен" 
" Итого" ;" " ;" " ;" 3 844" ;" 342 630,48" ;" 2 399" ;" 1 157 110,00" ;" 1 499 740,48" 
" Вино игристое" ;" 1" ;" “KRIMART” бел.коллек. брют ZERO (туб)                 " ;" 3" ;" 783,00" ;" 4" ;" 6 008,00" ;" 6 791,00" 
" Вино игристое" ;" 2" ;" “KRIMART” бел.выдер.мускат. брют(туб)                " ;" 7" ;" 1 827,00" ;" 2" ;" 3 004,00" ;" 4 831,00" 
" Вино игристое" ;" 3" ;" “KRIMART” бел. коллек. экстра брют(туб)" ;" 4" ;" 600,00" ;" 7" ;" 6 069,00" ;" 6 669,00" 
" Вино игристое" ;" 4" ;" “KRIMART” розовое выд. брют(туб)" ;" 1" ;" 150,00" ;" 2" ;" 1 734,00" ;" 1 884,00" 
" Вино игристое" ;" 5" ;" “KRIMART”  красное выд. брют(туб)" ;" 4" ;" 600,00" ;" 1" ;" 867,00" ;" 1 467,00" 
" Вино игристое" ;" 6" ;" “КРИМ” белое брют коллекционное " ;" 77" ;" 5 673,00" ;" 147" ;" 71 589,00" ;" 77 262,00" 
" Вино игристое" ;" 7" ;" “КРИМ” белое коллекционное полусухое" ;" 12" ;" 1 015,20" ;" 116" ;" 54 868,00" ;" 55 883,20" 
" Вино игристое" ;" 8" ;" “КРИМ” красное выдержанное полусладкое" ;" 16" ;" 1 689,60" ;" 77" ;" 45 430,00" ;" 47 119,60" 
" Вино игристое" ;" 9" ;" “АРТЕМIВСЬКЕ” белое выдержанное полусладкое" ;" 87" ;" 6 654,60" ;" 496" ;" 214 272,00" ;" 220 926,60" 
" Вино игристое" ;" 10" ;" “АРТЕМIВСЬКЕ” белое выдержанное  брют" ;" 13" ;" 1 072,50" ;" 54" ;" 24 894,00" ;" 25 966,50" 
" Вино игристое" ;" 11" ;" “АРТЕМIВСЬКЕ” красное выдержанное полусладкое " ;" 51" ;" 4 467,60" ;" 99" ;" 49 698,00" ;" 54 165,60" 
" Вино игристое" ;" 12" ;" “АРТЕМIВСЬКЕ” мускатное выдержанное полусухое" ;" 34" ;" 2 880,60" ;" 53" ;" 26 659,00" ;" 29 539,60" 
" Вино игристое" ;" 13" ;" “АРТЕМIВСЬКЕ” розовое выдержанное полусухое" ;" 35" ;" 3 045,00" ;" 103" ;" 50 882,00" ;" 53 927,00" 
" Вино игристое" ;" 14" ;" “АРТЕМIВСЬКЕ” белое выдержанное  полусухое " ;" 23" ;" 1 771,00" ;" 112" ;" 49 056,00" ;" 50 827,00" 
" Вино игристое" ;" 15" ;" “АРТЕМIВСЬКЕ” белое коллекционное сухое" ;" 12" ;" 1 008,00" ;" 38" ;" 18 088,00" ;" 19 096,00" 
" Вино игристое" ;" 16" ;" “АРТЕМIВСЬКЕ” белое выдержанное полусладкое  " ;" 229" ;" 16 488,00" ;" 140" ;" 58 800,00" ;" 75 288,00" 
" Вино игристое" ;" 27" ;" “АРТЕМIВСЬКЕ” белое выдержанное полусладкое 0,2" ;" 41" ;" 1 230,00" ;" 14" ;" 9 408,00" ;" 10 638,00" 
" Вино игристое" ;" 28" ;" “АРТЕМIВСЬКЕ” белое выдержанное  брют 0,2" ;" 31" ;" 930,00" ;" 6" ;" 4 032,00" ;" 4 962,00" 
" Вино игристое" ;" 29" ;" “АРТЕМIВСЬКЕ” белое выдержанное  полусухое 0,2" ;" 28" ;" 840,00" ;" 6" ;" 4 032,00" ;" 4 872,00" 
" Вино игристое" ;" 30" ;" "CHARTE"напій вин.з аром. ананаса 0.75" ;" 34" ;" 2 295,12" ;" 43" ;" 17 028,00" ;" 19 323,12" 
" Вино игристое" ;" 31" ;" “АРТЕМОВСКОЕ” вино столовое белое сухое" ;" 15" ;" 1 650,00" ;" 61" ;" 24 156,00" ;" 25 806,00" 
" Вино игристое" ;" 32" ;" “АРТЕМОВСКОЕ” вино столовое красное сухое" ;" 21" ;" 2 310,00" ;" 100" ;" 39 600,00" ;" 41 910,00" 
" Вино игристое" ;" 33" ;" “Кrimsekt” розовое выдержанное брют" ;" 131" ;" 13 100,00" ;" " ;" " ;" 13 100,00" 
" Вино игристое" ;" 34" ;" “Кrimsekt”  красное выдержанное брют" ;" 151" ;" 15 100,00" ;" " ;" " ;" 15 100,00" 
" Вино игристое" ;" 37" ;" КримАрт бел.хорека" ;" 3" ;" 378,00" ;" 31" ;" 22 506,00" ;" 22 884,00" 
" Вино игристое" ;" 38" ;" КримАрт роз. хорека" ;" 8" ;" 1 008,00" ;" 41" ;" 29 766,00" ;" 30 774,00" 
" Вино игристое" ;" 39" ;" КримАрт кр. хорека" ;" 8" ;" 1 008,00" ;" 36" ;" 26 136,00" ;" 27 144,00" 
" Вино игристое" ;" 40" ;" КримАрт муск.хорека" ;" 19" ;" 4 503,00" ;" 3" ;" 4 080,00" ;" 8 583,00" 
" Вино игристое" ;" 41" ;" КримАрт Зеро хорека" ;" 11" ;" 2 607,00" ;" 37" ;" 50 320,00" ;" 52 927,00" 
" Вино игристое" ;" 51" ;" "SOLOKING"біле брют 0.75" ;" 23" ;" 4 370,00" ;" " ;" " ;" 4 370,00" 
" Вино игристое" ;" 52" ;" "SOLOKING"біле н/сух 0.75" ;" 20" ;" 3 800,00" ;" " ;" " ;" 3 800,00" 
" Вино игристое" ;" 54" ;" "SOLOKING"рожеве н/сух 0.75" ;" 27" ;" 5 130,00" ;" " ;" " ;" 5 130,00" 
" Вино игристое" ;" 56" ;" "SOLOKING"кр.п/слад. 1.5л" ;" 32" ;" 11 328,00" ;" " ;" " ;" 11 328,00" 
" Вино игристое" ;" 57" ;" "SOLOKING "бел. п/слад.1.5л" ;" 16" ;" 5 664,00" ;" " ;" " ;" 5 664,00" 
" Вино игристое" ;" 58" ;" "SOLOKING "бел.брют 1.5л" ;" 14" ;" 4 956,00" ;" " ;" " ;" 4 956,00" 
" Вино игристое" ;" 59" ;" "SOLOKING "бел.п/сух.1.5л" ;" 24" ;" 8 496,00" ;" " ;" " ;" 8 496,00" 
" Вино игристое" ;" 60" ;" "SOLOKING" рожеве 1.5л п/сух." ;" 28" ;" 9 912,00" ;" " ;" " ;" 9 912,00" 
" Вино игристое" ;" 61" ;" "SOLOKING"1.5л.рожеве брют" ;" 29" ;" 10 266,00" ;" " ;" " ;" 10 266,00" 
" Вино игристое" ;" 1910" ;" "CHARTE"вино біле н/сол. 0.75" ;" 3" ;" 256,50" ;" 24" ;" 11 448,00" ;" 11 704,50" 
" Вино игристое" ;" 1911" ;" "CHARTE" вино рожеве н/сол. 0.75" ;" 10" ;" 855,00" ;" 46" ;" 21 942,00" ;" 22 797,00" 
" Вино игристое" ;" 1912" ;" "CHARTE" вино мускатне н/сол. 0.75" ;" 5" ;" 427,50" ;" 28" ;" 13 356,00" ;" 13 783,50" 
" Вино игристое" ;" 1913" ;" "CHARTE"вино червоне н/сол. 0.75" ;" 26" ;" 2 223,00" ;" 10" ;" 4 770,00" ;" 6 993,00" 
" Вино игристое" ;" 1914" ;" "CHARTE"вино рож.муск. н/сол. 0.75" ;" 13" ;" 1 111,50" ;" 50" ;" 23 850,00" ;" 24 961,50" 
" Вино игристое" ;" 2172" ;" "SOLOKING"0.75 рож.н/сух.в сув. кор." ;" 117" ;" 31 516,20" ;" " ;" " ;" 31 516,20" 
" Вино игристое" ;" 2540" ;" "CHARTE"напій вин.рож.полуниця 0.75" ;" 32" ;" 2 154,12" ;" 85" ;" 33 660,00" ;" 35 814,12" 
" Вино игристое" ;" 2541" ;" "CHARTE"напій вин.абрикос 0.75" ;" 42" ;" 2 859,12" ;" 85" ;" 33 660,00" ;" 36 519,12" 
" Вино игристое" ;" 2710" ;" "CHARTE"напій вин.чор.смородина рож.0.75" ;" 28" ;" 1 872,12" ;" 67" ;" 26 532,00" ;" 28 404,12" 
" Вино игристое" ;" 4067" ;" "CHARTE" напій винний слабоал.рож.(полуниця)0.2" ;" 35" ;" 1 050,00" ;" 5" ;" 3 360,00" ;" 4 410,00" 
" Вино - Грузия - Белое п/слад" ;" 3558" ;" ТВ вино Твіши 0.75" ;" 2" ;" 456,00" ;" " ;" " ;" 456,00" 
" Вино - Грузия - Белое п/сух" ;" 1934" ;" Вино KV Мерані біл. н/сух. 0.75" ;" 3" ;" 420,00" ;" " ;" " ;" 420,00" 
" Вино - Грузия - Белое сухое" ;" 1885" ;" вино Гоча Цинандалі 0.75" ;" 2" ;" 306,00" ;" " ;" " ;" 306,00" 
" Вино - Грузия - Белое сухое" ;" 2068" ;" вино Цинандалі КV 0.75" ;" 2" ;" 312,00" ;" " ;" " ;" 312,00" 
" Вино - Грузия - Белое сухое" ;" 4652" ;" вино ГУРДЖИ Цинандалі 0.75" ;" 2" ;" 194,00" ;" " ;" " ;" 194,00" 
" Вино - Грузия - Белое сухое" ;" 4843" ;" вино Бадагоні Вазисубани 0.75" ;" 1" ;" 124,00" ;" " ;" " ;" 124,00" 
" Вино - Грузия - Красное п/слад" ;" 667" ;" вино Гоча Киндзмараули 0.75" ;" 2" ;" 458,00" ;" " ;" " ;" 458,00" 
" Вино - Грузия - Красное п/слад" ;" 670" ;" вино Саперави 0.75 Гоча" ;" 2" ;" 336,00" ;" " ;" " ;" 336,00" 
" Вино - Грузия - Красное п/слад" ;" 832" ;" вино KV  Мерани 0,75 чер." ;" 1" ;" 168,00" ;" " ;" " ;" 168,00" 
" Вино - Грузия - Красное п/слад" ;" 4259" ;" вино Бадагони Хванчкара 0.75" ;" 1" ;" 393,00" ;" " ;" " ;" 393,00" 
" Вино - Грузия - Красное п/слад" ;" 4440" ;" вино Бадагони Алаз.кр.П/сл 0.75" ;" 2" ;" 272,00" ;" " ;" " ;" 272,00" 
" Вино - Грузия - Красное п/слад" ;" 4472" ;" вино Бадагони Піросмані чер.н/сол.0.75" ;" 1" ;" 136,00" ;" " ;" " ;" 136,00" 
" Вино - Грузия - Красное п/слад" ;" 4547" ;" Вино Гурджи Кинздмараули 0.75" ;" 1" ;" 149,00" ;" " ;" " ;" 149,00" 
" Вино - Грузия - Красное п/слад" ;" 4669" ;" вино ГУРДЖИ Алаз.дол.чер.0.75" ;" 4" ;" 428,00" ;" " ;" " ;" 428,00" 
" Вино - Грузия - Красное сухое" ;" 3416" ;" вино Мукузані 0.75(Груз.лег)" ;" 1" ;" 220,00" ;" " ;" " ;" 220,00" 
" Вино - Грузия - Красное сухое" ;" 4394" ;" вино Бадагони Сапераві 0.75(рожеве)" ;" 3" ;" 408,00" ;" " ;" " ;" 408,00" 
" Вино - Грузия - Красное сухое" ;" 4473" ;" вино Бадагони Сапераві чер.сухе 0.75" ;" 1" ;" 136,00" ;" " ;" " ;" 136,00" 
" Вино - Грузия - Красное сухое" ;" 4549" ;" Вино Гурджи Саперави 0.75" ;" 1" ;" 107,00" ;" " ;" " ;" 107,00" 
" Вино - Грузия - Красное сухое" ;" 4729" ;" вино KV Мукузани 0.75" ;" 1" ;" 245,00" ;" " ;" " ;" 245,00" 
" Вино - Испания - Белое п/слад" ;" 4724" ;" вино Торре Таллада біле 0.75" ;" 2" ;" 208,00" ;" " ;" " ;" 208,00" 
" Вино - Испания - Белое сухое" ;" 214" ;" Lozano. Кабальерос де ла Роса Бланко Семидульче, белое 0,75*12" ;" 1" ;" 114,00" ;" " ;" " ;" 114,00" 
" Вино - Испания - Белое сухое" ;" 3324" ;" вино Дон сімон 0.75 сух біле бланко" ;" 2" ;" 158,00" ;" " ;" " ;" 158,00" 
" Вино - Испания - Красное п/слад" ;" 4725" ;" вино Торре Таллада кр.0.75" ;" 2" ;" 208,00" ;" " ;" " ;" 208,00" 
" Вино - Испания - Красное п/слад" ;" 4894" ;" вино Кастильо дель Маркес 0.75" ;" 1" ;" 100,00" ;" " ;" " ;" 100,00" 
" Вино - Испания - Красное сухое" ;" 3995" ;" вино Don Simon Tempranillo 0.75" ;" 1" ;" 90,00" ;" " ;" " ;" 90,00" 
" Вино - Испания - Красное сухое" ;" 4893" ;" вино Кастильо дель Канте 0.75" ;" 1" ;" 153,00" ;" " ;" " ;" 153,00" 
" Вино - Италия - Белое сухое" ;" 3569" ;" вино Шардоне Сізаріні 0.75" ;" 1" ;" 147,00" ;" " ;" " ;" 147,00" 
" Вино - Италия - Белое сухое" ;" 4609" ;" Вино  Пино Гриджио дель Венето бел сух 0.75" ;" 1" ;" 130,00" ;" " ;" " ;" 130,00" 
" Вино - Италия - Красное сухое" ;" 3565" ;" вино Бардоліно Док чер сух.0.75 Сізаріні" ;" 1" ;" 157,00" ;" " ;" " ;" 157,00" 
" Вино - Молдавия - Красное п/слад" ;" 4320" ;" вино Kvint Solaricco Magnifico 0.75" ;" 1" ;" 83,30" ;" " ;" " ;" 83,30" 
" Вино - Молдавия - Красное сухое" ;" 4322" ;" вино КвинтКаберне/совин 0.75" ;" 1" ;" 74,00" ;" " ;" " ;" 74,00" 
" Вино - НовыйСвет - Белое п/слад" ;" 3366" ;" вино "Гевюрцтрамінер" 0.75" ;" 1" ;" 161,00" ;" " ;" " ;" 161,00" 
" Вино - НовыйСвет - Белое п/слад" ;" 4727" ;" вино Веселі Монашки 0.75" ;" 2" ;" 208,00" ;" " ;" " ;" 208,00" 
" Вино - Украина - Белое крепленое" ;" 2047" ;" вино Наомі 0.7 біле" ;" 2" ;" 102,00" ;" " ;" " ;" 102,00" 
" Вино - Украина - Белое крепленое" ;" 2273" ;" вино"Клеопатра"Коблево 0.75" ;" 1" ;" 53,80" ;" " ;" " ;" 53,80" 
" Вино - Украина - Белое крепленое" ;" 3118" ;" вино Мускат дес.біле 0.75(Котнар)" ;" 1" ;" 65,50" ;" " ;" " ;" 65,50" 
" Вино - Украина - Белое крепленое" ;" 3461" ;" вино "Мікадо"(слива бел.)0.7" ;" 6" ;" 315,00" ;" " ;" " ;" 315,00" 
" Вино - Украина - Белое крепленое" ;" 3463" ;" вино"Мікадо"(абрикос)0.7" ;" 8" ;" 416,00" ;" " ;" " ;" 416,00" 
" Вино - Украина - Белое крепленое" ;" 3700" ;" Вино Такадо  слива бел. 0.7" ;" 5" ;" 265,00" ;" " ;" " ;" 265,00" 
" Вино - Украина - Белое крепленое" ;" 3713" ;" вино Сонце в бокалі Вініа 0.75" ;" 2" ;" 100,00" ;" " ;" " ;" 100,00" 
" Вино - Украина - Белое крепленое" ;" 4438" ;" вино Мускатель Ю.Б дес.бел.0.75(Мас)" ;" 1" ;" 86,30" ;" " ;" " ;" 86,30" 
" Вино - Украина - Белое крепленое" ;" 4545" ;" Вино портвейн Алькадар бел.0.75" ;" 1" ;" 84,40" ;" " ;" " ;" 84,40" 
" Вино - Украина - Белое крепленое" ;" 4557" ;" вино Мускатель рожеве 0.75(Мас)" ;" 4" ;" 348,00" ;" " ;" " ;" 348,00" 
" Вино - Украина - Белое крепленое" ;" 4632" ;" вино Мускат Таврийский (Мас)0.75" ;" 2" ;" 176,40" ;" " ;" " ;" 176,40" 
" Вино - Украина - Белое крепленое" ;" 4697" ;" вино Херес 0.75 3%сах." ;" 1" ;" 166,00" ;" " ;" " ;" 166,00" 
" Вино - Украина - Белое крепленое" ;" 4698" ;" вино Херес 0.75 9% сах." ;" 1" ;" 181,00" ;" " ;" " ;" 181,00" 
" Вино - Украина - Белое крепленое" ;" 4819" ;" вино Такадо (клубника)0.7 роз.дес." ;" 4" ;" 212,00" ;" " ;" " ;" 212,00" 
" Вино - Украина - Белое п/слад" ;" 688" ;" вино Мускат Качинский 0.75" ;" 2" ;" 106,20" ;" " ;" " ;" 106,20" 
" Вино - Украина - Белое п/слад" ;" 912" ;" вино Лег.инкерм. 0,75" ;" 8" ;" 640,00" ;" " ;" " ;" 640,00" 
" Вино - Украина - Белое п/слад" ;" 919" ;" вино Монте Блан 0.7" ;" 1" ;" 55,00" ;" " ;" " ;" 55,00" 
" Вино - Украина - Белое п/слад" ;" 969" ;" вино Санта Лючия 0,7" ;" 2" ;" 84,00" ;" " ;" " ;" 84,00" 
" Вино - Украина - Белое п/слад" ;" 970" ;" вино Франческа0,7" ;" 2" ;" 84,00" ;" " ;" " ;" 84,00" 
" Вино - Украина - Белое п/слад" ;" 1993" ;" Вино Кримська Рівьера 0.75 біле" ;" 4" ;" 292,00" ;" " ;" " ;" 292,00" 
" Вино - Украина - Белое п/слад" ;" 2664" ;" вино Мускат  Коблево 0.75 бел." ;" 1" ;" 43,20" ;" " ;" " ;" 43,20" 
" Вино - Украина - Белое п/слад" ;" 2925" ;" вино "Золота Лоза"3л. біле н/сол." ;" 15" ;" 2 430,00" ;" 33" ;" 9 900,00" ;" 12 330,00" 
" Вино - Украина - Белое п/слад" ;" 2935" ;" вино "Тамянка"0.7Коблево" ;" 6" ;" 252,00" ;" " ;" " ;" 252,00" 
" Вино - Украина - Белое п/слад" ;" 3507" ;" вино Хілл Токай муск 0.75(Котнар)" ;" " ;" " ;" " ;" " ;" 0,00" 
" Вино - Украина - Белое п/слад" ;" 3597" ;" вино Шардоне Котнар н/сол біле 0.75" ;" 3" ;" 168,00" ;" " ;" " ;" 168,00" 
" Вино - Украина - Белое п/слад" ;" 3653" ;" вино Ізабелла Коблево н/сол рож.0.7" ;" 1" ;" 42,00" ;" " ;" " ;" 42,00" 
" Вино - Украина - Белое п/слад" ;" 3703" ;" вино Коблево Мускат Південний 0.75" ;" 16" ;" 1 059,90" ;" " ;" " ;" 1 059,90" 
" Вино - Украина - Белое п/слад" ;" 3767" ;" Вино Котнар Розе н/сол 0.75" ;" 3" ;" 172,50" ;" " ;" " ;" 172,50" 
" Вино - Украина - Белое п/слад" ;" 3788" ;" вино Блан де нуар 0.75" ;" 1" ;" 42,00" ;" " ;" " ;" 42,00" 
" Вино - Украина - Белое п/слад" ;" 3826" ;" вино Бахчис.Мускат Кримський 0.7" ;" 1" ;" 42,30" ;" " ;" " ;" 42,30" 
" Вино - Украина - Белое п/слад" ;" 4083" ;" вино Болград Бон-купаж 0.75" ;" 2" ;" 84,00" ;" " ;" " ;" 84,00" 
" Вино - Украина - Белое п/слад" ;" 4101" ;" "Золота Лоза"вино ордин.біле н/сол.0.7" ;" 17" ;" 918,00" ;" 41" ;" 18 450,00" ;" 19 368,00" 
" Вино - Украина - Белое п/слад" ;" 4432" ;" вино Котнар Хіл муск.н/сол.біле 0.75" ;" 1" ;" 54,00" ;" " ;" " ;" 54,00" 
" Вино - Украина - Белое п/слад" ;" 4453" ;" вино Азнаурі Алаз.дол.біле н/сол.0.75" ;" 5" ;" 300,00" ;" " ;" " ;" 300,00" 
" Вино - Украина - Белое п/слад" ;" 4476" ;" вино Буссо рожеве Інкерман 0.7" ;" 3" ;" 126,60" ;" " ;" " ;" 126,60" 
" Вино - Украина - Белое п/слад" ;" 4481" ;" вино Франческа рожеве.0.7" ;" 2" ;" 84,00" ;" " ;" " ;" 84,00" 
" Вино - Украина - Белое п/слад" ;" 4528" ;" вино ПІНО-БЛАН Дель 0.75(Мас)" ;" 2" ;" 128,60" ;" " ;" " ;" 128,60" 
" Вино - Украина - Белое п/слад" ;" 4556" ;" вино Мускат Дель Мар 0.75(Мас)" ;" 3" ;" 196,50" ;" " ;" " ;" 196,50" 
" Вино - Украина - Белое п/слад" ;" 4678" ;" вино Буссо Біле 0.75" ;" 2" ;" 87,40" ;" " ;" " ;" 87,40" 
" Вино - Украина - Белое п/слад" ;" 4744" ;" вино Массімо Верді рож.н/сол.1л" ;" 1" ;" 60,00" ;" " ;" " ;" 60,00" 
" Вино - Украина - Белое п/слад" ;" 4870" ;" вино Шабо Королевское бел.п/сл 0.75" ;" 1" ;" 53,70" ;" " ;" " ;" 53,70" 
" Вино - Украина - Белое п/сух" ;" 685" ;" вино Инкерман  белое 0.75" ;" 5" ;" 370,00" ;" " ;" " ;" 370,00" 
" Вино - Украина - Белое п/сух" ;" 1771" ;" вино Ріслінг Інкерман 0.75" ;" 1" ;" 75,00" ;" " ;" " ;" 75,00" 
" Вино - Украина - Белое п/сух" ;" 3768" ;" Вино Котнар Розе н/сухе 0.75" ;" 1" ;" 57,50" ;" " ;" " ;" 57,50" 
" Вино - Украина - Белое п/сух" ;" 4490" ;" вино Інкерман Шато Блан 0.75" ;" 2" ;" 87,40" ;" " ;" " ;" 87,40" 
" Вино - Украина - Белое сухое" ;" 3445" ;" вино Шардоне Качин. Інкерман 0.75" ;" 1" ;" 66,50" ;" " ;" " ;" 66,50" 
" Вино - Украина - Белое сухое" ;" 4431" ;" вино Шардоне сух.біле 0.75(Коблево)" ;" 3" ;" 187,20" ;" " ;" " ;" 187,20" 
" Вино - Украина - Белое сухое" ;" 4479" ;" вино Котнар Горобчики Ріслінг 0.75 сух.біле" ;" 3" ;" 199,20" ;" " ;" " ;" 199,20" 
" Вино - Украина - Белое сухое" ;" 4480" ;" вино Котнар Горобчики Роже 0.75" ;" 5" ;" 340,00" ;" " ;" " ;" 340,00" 
" Вино - Украина - Красное крепленое" ;" 1063" ;" вино Баккара Коблево 0.7" ;" 2" ;" 108,00" ;" " ;" " ;" 108,00" 
" Вино - Украина - Красное крепленое" ;" 1254" ;" вино Мускат золот.бордо 0.7" ;" 2" ;" 144,00" ;" " ;" " ;" 144,00" 
" Вино - Украина - Красное крепленое" ;" 1545" ;" вино Граль Кагор-штоф 0.7" ;" 2" ;" 140,00" ;" " ;" " ;" 140,00" 
" Вино - Украина - Красное крепленое" ;" 2048" ;" вино Наомі 0.7 червоне" ;" 2" ;" 101,00" ;" " ;" " ;" 101,00" 
" Вино - Украина - Красное крепленое" ;" 2804" ;" вино "Мускат Королев."0.75 Коблево" ;" 3" ;" 216,00" ;" " ;" " ;" 216,00" 
" Вино - Украина - Красное крепленое" ;" 3462" ;" вино"Мікадо"(слива кр.)0.7" ;" 11" ;" 584,00" ;" " ;" " ;" 584,00" 
" Вино - Украина - Красное крепленое" ;" 3490" ;" вино Кагор(Вініа)0.7" ;" 3" ;" 180,00" ;" " ;" " ;" 180,00" 
" Вино - Украина - Красное крепленое" ;" 3496" ;" вино "Мікадо"0.7(вишня)" ;" 7" ;" 376,00" ;" " ;" " ;" 376,00" 
" Вино - Украина - Красное крепленое" ;" 3706" ;" вино Кагор Коблево Кара-Баш 0.75" ;" 2" ;" 94,00" ;" " ;" " ;" 94,00" 
" Вино - Украина - Красное крепленое" ;" 3879" ;" вино Мікадо чер.смор. 0.7" ;" 11" ;" 584,00" ;" " ;" " ;" 584,00" 
" Вино - Украина - Красное крепленое" ;" 4140" ;" вино Портв.Алькадар Інкерман 0.75" ;" 1" ;" 83,60" ;" " ;" " ;" 83,60" 
" Вино - Украина - Красное крепленое" ;" 4231" ;" вино Кагор Коблево Селект 0.75" ;" 1" ;" 72,00" ;" " ;" " ;" 72,00" 
" Вино - Украина - Красное крепленое" ;" 4403" ;" вино Кагор Український 0.7" ;" 2" ;" 84,00" ;" " ;" " ;" 84,00" 
" Вино - Украина - Красное крепленое" ;" 4439" ;" вино Мускатель Ю.Б кр.дес.0.75(Мас)" ;" 4" ;" 349,20" ;" " ;" " ;" 349,20" 
" Вино - Украина - Красное крепленое" ;" 4656" ;" вино Бастардо південне (Мас)0.75" ;" 3" ;" 267,00" ;" " ;" " ;" 267,00" 
" Вино - Украина - Красное крепленое" ;" 4863" ;" вино "Монах"кагор укр.0.7" ;" 3" ;" 132,90" ;" " ;" " ;" 132,90" 
" Вино - Украина - Красное крепленое" ;" 4886" ;" вино Кагор Укр.Мас.0.75" ;" 4" ;" 352,80" ;" " ;" " ;" 352,80" 
" Вино - Украина - Красное п/слад" ;" 684" ;" вино Древний Херсонес 0.75" ;" 5" ;" 405,00" ;" " ;" " ;" 405,00" 
" Вино - Украина - Красное п/слад" ;" 971" ;" вино Жозефина 0,7" ;" 2" ;" 84,00" ;" " ;" " ;" 84,00" 
" Вино - Украина - Красное п/слад" ;" 1297" ;" вино Монте Розе 0.7" ;" 1" ;" 57,00" ;" " ;" " ;" 57,00" 
" Вино - Украина - Красное п/слад" ;" 2633" ;" вино Кримська  Ривьера 0.75 чер." ;" 1" ;" 70,30" ;" " ;" " ;" 70,30" 
" Вино - Украина - Красное п/слад" ;" 2926" ;" вино"Рубін Криму"3л.чер.н/сол." ;" 2" ;" 324,00" ;" " ;" " ;" 324,00" 
" Вино - Украина - Красное п/слад" ;" 3595" ;" вино Мерло Котнар чер.н/сол 0.75" ;" 2" ;" 115,00" ;" " ;" " ;" 115,00" 
" Вино - Украина - Красное п/слад" ;" 3710" ;" вино Коблево Черном Рівьера 0.75" ;" 2" ;" 124,80" ;" " ;" " ;" 124,80" 
" Вино - Украина - Красное п/слад" ;" 3787" ;" вино Мускат Селект чер. 0.75" ;" 1" ;" 42,00" ;" " ;" " ;" 42,00" 
" Вино - Украина - Красное п/слад" ;" 3883" ;" "Рубін Криму"0.7 вино стол. чер.н/сол" ;" 13" ;" 702,00" ;" 96" ;" 43 200,00" ;" 43 902,00" 
" Вино - Украина - Красное п/слад" ;" 3887" ;" вино Болград Руж селект 0.75" ;" 3" ;" 126,00" ;" " ;" " ;" 126,00" 
" Вино - Украина - Красное п/слад" ;" 4236" ;" вино Болград Шато де Він чер.0.75" ;" 1" ;" 42,00" ;" " ;" " ;" 42,00" 
" Вино - Украина - Красное п/слад" ;" 4454" ;" вино Азнаурі Алаз.дол.чер.н/сол.0.75" ;" 2" ;" 120,00" ;" " ;" " ;" 120,00" 
" Вино - Украина - Красное п/слад" ;" 4529" ;" вино ПІНО-НУАР Дель 0.75(Мас)" ;" 7" ;" 459,20" ;" " ;" " ;" 459,20" 
" Вино - Украина - Красное п/слад" ;" 4696" ;" вино Буссо Червоне  0.75" ;" 1" ;" 43,70" ;" " ;" " ;" 43,70" 
" Вино - Украина - Красное п/слад" ;" 4859" ;" вино Болград Кагорний смак 0.75" ;" 5" ;" 216,50" ;" " ;" " ;" 216,50" 
" Вино - Украина - Красное п/слад" ;" 4871" ;" вино Королевское кр.п/сл 0.75" ;" 1" ;" 53,70" ;" " ;" " ;" 53,70" 
" Вино - Украина - Красное п/слад" ;" 4924" ;" вино Ординарне чер. н/сол Мас.0.75" ;" 2" ;" 122,00" ;" " ;" " ;" 122,00" 
" Вино - Украина - Красное п/слад" ;" 4944" ;" вино Прованс Каб/сов. 0.7" ;" 3" ;" 102,00" ;" " ;" " ;" 102,00" 
" Вино - Украина - Красное п/сух" ;" 686" ;" вино Инкерман  красное 0.75" ;" 3" ;" 219,00" ;" " ;" " ;" 219,00" 
" Вино - Украина - Красное п/сух" ;" 2806" ;" вино "Легенда Киммерії"0.75" ;" 4" ;" 249,60" ;" " ;" " ;" 249,60" 
" Вино - Украина - Красное п/сух" ;" 4523" ;" вино Інкерман Шато Руж 0.75" ;" 2" ;" 90,60" ;" " ;" " ;" 90,60" 
" Вино - Украина - Красное сухое" ;" 683" ;" вино Бастардо Інкерман 0.75" ;" 2" ;" 140,00" ;" " ;" " ;" 140,00" 
" Вино - Украина - Красное сухое" ;" 1151" ;" вино Рубин Херсонесу 0.75" ;" 1" ;" 71,80" ;" " ;" " ;" 71,80" 
" Вино - Украина - Красное сухое" ;" 1544" ;" вино "Каберне"Коблево 0.75" ;" 1" ;" 43,20" ;" " ;" " ;" 43,20" 
" Вино - Украина - Красное сухое" ;" 2243" ;" вино Інкерман каберне сортове  0.75" ;" 1" ;" 45,30" ;" " ;" " ;" 45,30" 
" Вино - Украина - Красное сухое" ;" 3057" ;" вино Мерло Качинське 0.75" ;" 1" ;" 70,00" ;" " ;" " ;" 70,00" 
" Вино - Украина - Красное сухое" ;" 3646" ;" вино Інкерман Мерло/каберне 0.75" ;" 1" ;" 66,50" ;" " ;" " ;" 66,50" 
" Вино - Украина - Красное сухое" ;" 3707" ;" вино Коблево Сапераві 0.75" ;" 1" ;" 48,00" ;" " ;" " ;" 48,00" 
" Вино - Украина - Красное сухое" ;" 3834" ;" вино Сапераві Інкерм.WMS 0.75" ;" 1" ;" 86,00" ;" " ;" " ;" 86,00" 
" Вино - Украина - Красное сухое" ;" 3915" ;" Вино Каберне Инкерман 0.75" ;" 1" ;" 99,00" ;" " ;" " ;" 99,00" 
" Вино - Украина - Красное сухое" ;" 4499" ;" вино Азнаурі Сапераві 0.75" ;" 3" ;" 195,00" ;" " ;" " ;" 195,00" 
" Вино - Украина - Красное сухое" ;" 4531" ;" вино Інкерман WMS Каберне 0.75" ;" 1" ;" 86,00" ;" " ;" " ;" 86,00" 
" Вино - Украина - Красное сухое" ;" 4657" ;" вино Каберне (Мас.)0.75" ;" 1" ;" 67,50" ;" " ;" " ;" 67,50" 
" Вино - Украина - Красное сухое" ;" 4814" ;" вино КН.Трубецкой Каб/Сов.0.75" ;" 1" ;" 132,00" ;" " ;" " ;" 132,00" 
" Вино - Украина - Красное сухое" ;" 4815" ;" вино КН.Трубецкой (премиум)0.75 кр.сух" ;" 1" ;" 189,00" ;" " ;" " ;" 189,00" 
" Вино - Украина - Красное сухое" ;" 4939" ;" Вино Good Сапераві 0.75" ;" 1" ;" 71,50" ;" " ;" " ;" 71,50" 
" Вино - Франция - Белое п/слад" ;" 1519" ;" вино"Барон Лірондо"біле н/сол 0.75" ;" 2" ;" 358,00" ;" " ;" " ;" 358,00" 
" Вино - Франция - Белое п/слад" ;" 4355" ;" вино Родже Аджу 0.75" ;" 1" ;" 173,00" ;" " ;" " ;" 173,00" 
" Вино - Франция - Белое п/слад" ;" 4613" ;" вино Сhateau Ried Bellevue 0.75" ;" 1" ;" 197,00" ;" " ;" " ;" 197,00" 
" Вино - Франция - Белое п/слад" ;" 4623" ;" вино Аджу Ліс Блан 0.75" ;" 3" ;" 369,00" ;" " ;" " ;" 369,00" 
" Вино - Франция - Белое п/слад" ;" 4837" ;" вино Шартон Блан бел.п/сл 0.75" ;" 1" ;" 115,00" ;" " ;" " ;" 115,00" 
" Вино - Франция - Белое п/слад" ;" 4895" ;" вино Chevalier de Pierre 0.75 н/сол.біле" ;" 2" ;" 234,00" ;" " ;" " ;" 234,00" 
" Вино - Франция - Белое п/сух" ;" 4774" ;" вино Cave de Ribeauville Risling 0.75" ;" 1" ;" 332,00" ;" " ;" " ;" 332,00" 
" Вино - Франция - Белое сухое" ;" 1125" ;" вино Шассань Монраше Премьер Крю бел. 0.75" ;" 1" ;" 772,00" ;" " ;" " ;" 772,00" 
" Вино - Франция - Белое сухое" ;" 1646" ;" вино "Шарте Шаблі" 0.7" ;" 32" ;" 3 520,00" ;" " ;" " ;" 3 520,00" 
" Вино - Франция - Белое сухое" ;" 1697" ;" вино"БаронЛірондо"біле сухе 0.75" ;" 1" ;" 179,00" ;" " ;" " ;" 179,00" 
" Вино - Франция - Белое сухое" ;" 4341" ;" вино Жарден дю Рой Блан 0.75" ;" 2" ;" 206,00" ;" " ;" " ;" 206,00" 
" Вино - Франция - Белое сухое" ;" 4635" ;" вино Аджу Ліс Блан сухе біле 0.75" ;" 4" ;" 444,00" ;" " ;" " ;" 444,00" 
" Вино - Франция - Белое сухое" ;" 4838" ;" вино Шартон Блан бел сух 0.75" ;" 2" ;" 230,00" ;" " ;" " ;" 230,00" 
" Вино - Франция - Красное п/слад" ;" 1521" ;" вино "Барон Лірондо"чер.н/сол.0.75" ;" 1" ;" 175,00" ;" " ;" " ;" 175,00" 
" Вино - Франция - Красное п/слад" ;" 4624" ;" вино Аджу Ліс Руж 0.75" ;" 2" ;" 246,00" ;" " ;" " ;" 246,00" 
" Вино - Франция - Красное п/слад" ;" 4897" ;" вино Chevalier de Pierre 0.75 чер.н/сол" ;" 1" ;" 117,00" ;" " ;" " ;" 117,00" 
" Вино - Франция - Красное п/сух" ;" 1522" ;" вино"Барон Лірондо"чер.н/сухе 0.75" ;" 1" ;" 174,00" ;" " ;" " ;" 174,00" 
" Вино - Франция - Красное п/сух" ;" 3516" ;" вино"Bordeaux Rouge"0.75" ;" 2" ;" 390,00" ;" " ;" " ;" 390,00" 
" Вино - Франция - Красное сухое" ;" 1608" ;" вино "Шарте Медок"кр.сухе 0.7" ;" 42" ;" 3 360,00" ;" " ;" " ;" 3 360,00" 
" Вино - Франция - Красное сухое" ;" 1698" ;" вино"Барон Лірондо"сухе чер. 0.75" ;" 2" ;" 360,00" ;" " ;" " ;" 360,00" 
" Вино - Франция - Красное сухое" ;" 4636" ;" вино Аджу Ліс Руж сухе чер.0.75" ;" 3" ;" 333,00" ;" " ;" " ;" 333,00" 
" Вино - Франция - Красное сухое" ;" 4959" ;" Вино Шартон Руж чер.сух 0.75" ;" 1" ;" 115,00" ;" " ;" " ;" 115,00" 
" Вино - Чили - Белое п/слад" ;" 2844" ;" вино"Гато Негро"біле н/сол 0.75" ;" 1" ;" 197,00" ;" " ;" " ;" 197,00" 
" Вино - Чили - Белое п/слад" ;" 3298" ;" вино WM Совин/блан/шард 0.75" ;" 1" ;" 124,00" ;" " ;" " ;" 124,00" 
" Вино - Чили - Белое сухое" ;" 2641" ;" вино "Совіньон Блан"Гато Негро 0.75" ;" 3" ;" 531,00" ;" " ;" " ;" 531,00" 
" Вино - Чили - Красное п/слад" ;" 2704" ;" вино WM Каберне Совиньон 0.75 чер н/сол" ;" 1" ;" 124,00" ;" " ;" " ;" 124,00" 
" Вино - Чили - Красное п/слад" ;" 2755" ;" вино "Гато Негро"чер. н/сол 0.75" ;" 1" ;" 193,00" ;" " ;" " ;" 193,00" 
" Вино - Чили - Красное сухое" ;" 1701" ;" вино" Шираз" Гато Негро 0.75" ;" 3" ;" 558,00" ;" " ;" " ;" 558,00" 
" Вино - Чили - Красное сухое" ;" 4608" ;" Вино Сармиентос Карминер кр сух 0.75" ;" 1" ;" 125,00" ;" " ;" " ;" 125,00" 
" Виски" ;" 536" ;" віскі Джек Дениэлс 0.5л.                                                                                  " ;" " ;" " ;" " ;" " ;" 0,00" 
" Виски" ;" 2101" ;" віскі Чівас 0.05 12р." ;" 1" ;" 88,00" ;" " ;" " ;" 88,00" 
" Виски" ;" 2103" ;" віскі Джемісон 0.05" ;" 1" ;" 54,00" ;" " ;" " ;" 54,00" 
" Виски" ;" 3170" ;" віскі Грин Грант 0.7" ;" 1" ;" 478,00" ;" " ;" " ;" 478,00" 
" Виски" ;" 4566" ;" віскі The Singleton of Dufftown 0.7" ;" 1" ;" 1 171,00" ;" " ;" " ;" 1 171,00" 
" Виски" ;" 4637" ;" віскі JAMESON Caskmates 0.7" ;" 1" ;" 820,00" ;" " ;" " ;" 820,00" 
" Виски" ;" 4780" ;" віскі JAMESON 4.5л" ;" 1" ;" 3 667,00" ;" " ;" " ;" 3 667,00" 
" Виски" ;" 4781" ;" віскі JANTLEMEN  JACK 0.7" ;" 1" ;" 745,00" ;" " ;" " ;" 745,00" 
" Виски" ;" 4840" ;" віскі Джек Дениелс 0.05" ;" 1" ;" 56,00" ;" " ;" " ;" 56,00" 
" Виски" ;" 4845" ;" настойка Укр.віскі 0.5" ;" 1" ;" 84,80" ;" " ;" " ;" 84,80" 
" Водка" ;" 543" ;" Финляндия водка 0,5л.                                                                               " ;" 2" ;" 394,00" ;" " ;" " ;" 394,00" 
" Водка" ;" 756" ;" Водка Зимняя стол.Серебро 0.7" ;" 1" ;" 187,00" ;" " ;" " ;" 187,00" 
" Водка" ;" 975" ;" водка Хл.дар 1,75" ;" 1" ;" 235,00" ;" " ;" " ;" 235,00" 
" Водка" ;" 1033" ;" водка Зел. Марка 1л традиция" ;" 5" ;" 700,00" ;" " ;" " ;" 700,00" 
" Водка" ;" 1249" ;" водка Зубровка 0.5" ;" 5" ;" 440,00" ;" " ;" " ;" 440,00" 
" Водка" ;" 1418" ;" "Козацька Рада"перцовка 0.5" ;" 5" ;" 350,00" ;" " ;" " ;" 350,00" 
" Водка" ;" 1778" ;" горілка Талка 0.7 Люкс" ;" 1" ;" 105,00" ;" " ;" " ;" 105,00" 
" Водка" ;" 2104" ;" горілка Абсолют 0.05" ;" 1" ;" 32,00" ;" " ;" " ;" 32,00" 
" Водка" ;" 2142" ;" горілка Мороша Джерельна 0.7" ;" 2" ;" 196,00" ;" " ;" " ;" 196,00" 
" Водка" ;" 2143" ;" горілка Мороша Джерельна 1л" ;" 3" ;" 420,00" ;" " ;" " ;" 420,00" 
" Водка" ;" 2327" ;" горілка Перепелка 0.7класич." ;" 3" ;" 294,00" ;" " ;" " ;" 294,00" 
" Водка" ;" 2551" ;" горілка 0.05 Фінляндія" ;" 1" ;" 36,00" ;" " ;" " ;" 36,00" 
" Водка" ;" 2709" ;" Чача Золото 0.5" ;" 1" ;" 218,00" ;" " ;" " ;" 218,00" 
" Водка" ;" 2996" ;" горілка "Медофф"клас.0.7" ;" 4" ;" 392,00" ;" " ;" " ;" 392,00" 
" Водка" ;" 3065" ;" горілка Російський станд.1л оріг." ;" 1" ;" 344,00" ;" " ;" " ;" 344,00" 
" Водка" ;" 3150" ;" горілка Первак Житній 1л" ;" 3" ;" 420,00" ;" " ;" " ;" 420,00" 
" Водка" ;" 3151" ;" горілка"Первачок"пшенич.0.25" ;" 3" ;" 108,00" ;" " ;" " ;" 108,00" 
" Водка" ;" 3190" ;" горілка Неміров штоф 0.5" ;" 3" ;" 232,20" ;" " ;" " ;" 232,20" 
" Водка" ;" 3209" ;" горілка Неміров Лекс 0.5" ;" 1" ;" 184,00" ;" " ;" " ;" 184,00" 
" Водка" ;" 3269" ;" Горілка Фінляндія 0.5 (смород)" ;" 1" ;" 197,00" ;" " ;" " ;" 197,00" 
" Водка" ;" 3287" ;" горілка Талка 1л" ;" 1" ;" 147,00" ;" " ;" " ;" 147,00" 
" Водка" ;" 3317" ;" горілка Зубровка бялая 0.7" ;" 4" ;" 540,00" ;" " ;" " ;" 540,00" 
" Водка" ;" 3328" ;" горілка Каз.Рада 0.5 "особлива"" ;" 2" ;" 140,00" ;" " ;" " ;" 140,00" 
" Водка" ;" 3331" ;" горілка Перша гільдія 0.7"поважна"" ;" 1" ;" 111,00" ;" " ;" " ;" 111,00" 
" Водка" ;" 3422" ;" горілка Неміров штоф 1л" ;" 5" ;" 755,00" ;" " ;" " ;" 755,00" 
" Водка" ;" 3425" ;" горілка Неміров Преміум 0.5" ;" 3" ;" 306,00" ;" " ;" " ;" 306,00" 
" Водка" ;" 3677" ;" горілка Царська Зол.сніг 0.7" ;" 1" ;" 358,00" ;" " ;" " ;" 358,00" 
" Водка" ;" 3681" ;" горілка Медофф клас. 1л" ;" 1" ;" 140,00" ;" " ;" " ;" 140,00" 
" Водка" ;" 3702" ;" Водка Козацька Рада Класична сувенир. 3л." ;" 1" ;" 528,00" ;" " ;" " ;" 528,00" 
" Водка" ;" 3831" ;" горілка Первак з перцем 0.5" ;" 2" ;" 141,20" ;" " ;" " ;" 141,20" 
" Водка" ;" 3929" ;" Горілка Житньовка Чиста 0.5" ;" 1" ;" 70,70" ;" " ;" " ;" 70,70" 
" Водка" ;" 3948" ;" горілка Мякуш трад.0.5" ;" 7" ;" 490,00" ;" " ;" " ;" 490,00" 
" Водка" ;" 4030" ;" горілка сув. Люботин Марічка 0.7" ;" 1" ;" 288,00" ;" " ;" " ;" 288,00" 
" Водка" ;" 4091" ;" горілка Немирофф укр.з перц. 0.5" ;" 4" ;" 303,20" ;" " ;" " ;" 303,20" 
" Водка" ;" 4103" ;" горіла Немиров перцовка 0.7" ;" 3" ;" 294,00" ;" " ;" " ;" 294,00" 
" Водка" ;" 4104" ;" горілка Немиров премиум 0.7" ;" 7" ;" 966,00" ;" " ;" " ;" 966,00" 
" Водка" ;" 4108" ;" горілка сув.набор Немір.0.7+3ст." ;" 1" ;" 196,00" ;" " ;" " ;" 196,00" 
" Водка" ;" 4123" ;" горілка Воздух 0.5" ;" 6" ;" 420,00" ;" " ;" " ;" 420,00" 
" Водка" ;" 4138" ;" горілка Малин.Реальний самогон 0.5" ;" 1" ;" 70,00" ;" " ;" " ;" 70,00" 
" Водка" ;" 4166" ;" горілка Каз.Рада особлива 1л" ;" 3" ;" 420,00" ;" " ;" " ;" 420,00" 
" Водка" ;" 4222" ;" горілка Хортиця срібна 0.5" ;" 15" ;" 1 050,00" ;" " ;" " ;" 1 050,00" 
" Водка" ;" 4223" ;" горілка Хортиця срібна 0.7" ;" 5" ;" 490,00" ;" " ;" " ;" 490,00" 
" Водка" ;" 4224" ;" горілка Хортиця срібна 1л" ;" 11" ;" 1 540,00" ;" " ;" " ;" 1 540,00" 
" Водка" ;" 4233" ;" горілка Неміров штоф 0.7" ;" 4" ;" 392,00" ;" " ;" " ;" 392,00" 
" Водка" ;" 4244" ;" горілка Хортиця Ісе 0.5" ;" 17" ;" 1 371,90" ;" " ;" " ;" 1 371,90" 
" Водка" ;" 4247" ;" горілка ТМ на бер.брун.0.375" ;" 1" ;" 49,30" ;" " ;" " ;" 49,30" 
" Водка" ;" 4255" ;" горілка Байка Степова 0.7" ;" 1" ;" 98,00" ;" " ;" " ;" 98,00" 
" Водка" ;" 4278" ;" горілка Гетьман на кропі 0.25" ;" 1" ;" 35,00" ;" " ;" " ;" 35,00" 
" Водка" ;" 4309" ;" горілка Хлібна Сльоза 0.5" ;" 9" ;" 1 017,00" ;" " ;" " ;" 1 017,00" 
" Водка" ;" 4328" ;" горілка Хлебная слеза 1л" ;" 6" ;" 1 236,00" ;" " ;" " ;" 1 236,00" 
" Водка" ;" 4329" ;" горілка Хлебная слеза 2л" ;" 3" ;" 1 176,00" ;" " ;" " ;" 1 176,00" 
" Водка" ;" 4361" ;" настоянка Зубровка 0.2" ;" 1" ;" 40,80" ;" " ;" " ;" 40,80" 
" Водка" ;" 4387" ;" горілка Горілочка 0.375(бер.брун)" ;" 1" ;" 52,40" ;" " ;" " ;" 52,40" 
" Водка" ;" 4400" ;" горілка Хортиця срібна 0.375" ;" 2" ;" 105,00" ;" " ;" " ;" 105,00" 
" Водка" ;" 4458" ;" горілка Фінська 0.5" ;" 1" ;" 137,00" ;" " ;" " ;" 137,00" 
" Водка" ;" 4461" ;" горілка Неміров журавл.на кон.0.5" ;" 1" ;" 70,00" ;" " ;" " ;" 70,00" 
" Водка" ;" 4466" ;" горілка Неміров Лекс 0.7" ;" 2" ;" 498,00" ;" " ;" " ;" 498,00" 
" Водка" ;" 4482" ;" горілка Воздух 0.7" ;" 5" ;" 498,00" ;" " ;" " ;" 498,00" 
" Водка" ;" 4538" ;" горілка Медофф каен 0.5" ;" 1" ;" 74,30" ;" " ;" " ;" 74,30" 
" Водка" ;" 4571" ;" горілка Цейлон зел. чай 0.5" ;" 2" ;" 140,00" ;" " ;" " ;" 140,00" 
" Водка" ;" 4575" ;" горілка Хортиця Преміум 0.7" ;" 1" ;" 129,00" ;" " ;" " ;" 129,00" 
" Водка" ;" 4615" ;" горілка Артемівська срібна 0.5" ;" 3" ;" 210,00" ;" " ;" " ;" 210,00" 
" Водка" ;" 4616" ;" горілка Журавли 0.5" ;" 2" ;" 140,00" ;" " ;" " ;" 140,00" 
" Водка" ;" 4631" ;" горілка Прайм Вайт Лайт 0.5" ;" 1" ;" 70,00" ;" " ;" " ;" 70,00" 
" Водка" ;" 4646" ;" горілка Прайм з перцем 0.5" ;" 1" ;" 70,00" ;" " ;" " ;" 70,00" 
" Водка" ;" 4658" ;" горілка Арктика Полар 0.5" ;" 2" ;" 150,00" ;" " ;" " ;" 150,00" 
" Водка" ;" 4664" ;" горілка Неміров пшен.0.25" ;" 2" ;" 72,00" ;" " ;" " ;" 72,00" 
" Водка" ;" 4680" ;" Вермут Італьяно бьянко 0.5" ;" 2" ;" 94,00" ;" " ;" " ;" 94,00" 
" Водка" ;" 4723" ;" горілка Немиров с перцем 1л" ;" 2" ;" 280,00" ;" " ;" " ;" 280,00" 
" Водка" ;" 4733" ;" горілка Хл.Дар пшен.0.7" ;" 1" ;" 98,00" ;" " ;" " ;" 98,00" 
" Водка" ;" 4742" ;" горілка Ріга Блек 0.5" ;" 6" ;" 840,00" ;" " ;" " ;" 840,00" 
" Водка" ;" 4754" ;" горілка  Колос Традиційна 0.5 " ;" 5" ;" 350,00" ;" " ;" " ;" 350,00" 
" Водка" ;" 4768" ;" горілка Форель 0.5" ;" 9" ;" 765,00" ;" " ;" " ;" 765,00" 
" Водка" ;" 4778" ;" горілка Хортиця 5л" ;" 1" ;" 874,00" ;" " ;" " ;" 874,00" 
" Водка" ;" 4788" ;" горілка Президент(сильвер)0.5" ;" 2" ;" 172,00" ;" " ;" " ;" 172,00" 
" Водка" ;" 4801" ;" горілка Зол.стандарт відб.0.5" ;" 1" ;" 70,00" ;" " ;" " ;" 70,00" 
" Водка" ;" 4809" ;" горілка Офицер 0.5" ;" 3" ;" 210,00" ;" " ;" " ;" 210,00" 
" Водка" ;" 4833" ;" горілка Немиров Дістінкт 0.7" ;" 5" ;" 565,00" ;" " ;" " ;" 565,00" 
" Водка" ;" 4844" ;" горілка Медофф платинум 0.5" ;" 1" ;" 79,00" ;" " ;" " ;" 79,00" 
" Водка" ;" 4856" ;" горілка Президент(плат)1л" ;" 6" ;" 1 146,00" ;" " ;" " ;" 1 146,00" 
" Водка" ;" 4890" ;" горілка Презент 0.5" ;" 16" ;" 1 120,00" ;" " ;" " ;" 1 120,00" 
" Водка" ;" 4891" ;" горілка Стольградна 0.7" ;" 6" ;" 588,00" ;" " ;" " ;" 588,00" 
" Водка" ;" 4892" ;" горілка Ріга Блек 0.7" ;" 1" ;" 189,00" ;" " ;" " ;" 189,00" 
" Водка" ;" 4900" ;" горілка Admiral vodka 0.5" ;" 1" ;" 81,00" ;" " ;" " ;" 81,00" 
" Водка" ;" 4930" ;" горілка Шабо Люкс 0.5" ;" 6" ;" 420,00" ;" " ;" " ;" 420,00" 
" Водка" ;" 4961" ;" горілка Хортиця абсол.золото 0.5" ;" 1" ;" 120,00" ;" " ;" " ;" 120,00" 
" Кондитерские изделия" ;" 3687" ;" конф. Сонячн.віночок 1/500" ;" 5" ;" 291,50" ;" " ;" " ;" 291,50" 
" Кондитерские изделия" ;" 3688" ;" конф Стріла 1/180" ;" 3" ;" 148,20" ;" " ;" " ;" 148,20" 
" Кондитерские изделия" ;" 3798" ;" шоколад Оленка 1/90" ;" 4" ;" 66,00" ;" " ;" " ;" 66,00" 
" Кондитерские изделия" ;" 3799" ;" шоколад Чайка 1/90" ;" 2" ;" 33,00" ;" " ;" " ;" 33,00" 
" Кондитерские изделия" ;" 3818" ;" конф.Cherry 1/200" ;" 2" ;" 67,40" ;" " ;" " ;" 67,40" 
" Кондитерские изделия" ;" 3821" ;" конф.Пташине молоко 1/270" ;" 1" ;" 52,30" ;" " ;" " ;" 52,30" 
" Кондитерские изделия" ;" 3867" ;" конф. Прометей 1/300" ;" 2" ;" 120,00" ;" " ;" " ;" 120,00" 
" Кондитерские изделия" ;" 3868" ;" шокол.Олд Колекш. черн. ліс гор.1/200" ;" 20" ;" 1 084,00" ;" " ;" " ;" 1 084,00" 
" Кондитерские изделия" ;" 3869" ;" шокол.Олд Колекш.мол.ліс.горіх 1/200" ;" 15" ;" 780,00" ;" " ;" " ;" 780,00" 
" Кондитерские изделия" ;" 3870" ;" шокол.Олд Колекш.мол.минд/изюм 1/200" ;" 11" ;" 528,00" ;" " ;" " ;" 528,00" 
" Кондитерские изделия" ;" 3913" ;" Конф Вишня заспирт в шок 1/190" ;" 6" ;" 268,20" ;" " ;" " ;" 268,20" 
" Кондитерские изделия" ;" 3941" ;" конф.Государ. фундук 1/165" ;" 5" ;" 272,50" ;" " ;" " ;" 272,50" 
" Кондитерские изделия" ;" 3942" ;" конф.Государ. фундук 1/245" ;" 7" ;" 548,80" ;" " ;" " ;" 548,80" 
" Кондитерские изделия" ;" 3944" ;" конф.вишня в шокол 1/285" ;" 9" ;" 540,00" ;" " ;" " ;" 540,00" 
" Кондитерские изделия" ;" 3946" ;" шокол.Old Collect мол.минд.1/200" ;" 20" ;" 1 028,00" ;" " ;" " ;" 1 028,00" 
" Кондитерские изделия" ;" 3987" ;" конф.Троянда 1/395" ;" 1" ;" 92,70" ;" " ;" " ;" 92,70" 
" Кондитерские изделия" ;" 3988" ;" конф.Ассорти Доминик 1/208(Полтава)" ;" 4" ;" 248,00" ;" " ;" " ;" 248,00" 
" Кондитерские изделия" ;" 3993" ;" шокол.торт Доминик 1/200(Полтава)" ;" 1" ;" 25,70" ;" " ;" " ;" 25,70" 
" Кондитерские изделия" ;" 4022" ;" конф.Домиор (ром)1/250" ;" 3" ;" 210,90" ;" " ;" " ;" 210,90" 
" Кондитерские изделия" ;" 4177" ;" шокол.Олд.кол.гір.горіх.1/100" ;" 6" ;" 150,00" ;" " ;" " ;" 150,00" 
" Кондитерские изделия" ;" 4178" ;" шокол.Олд.Колл.мол.горіх.1/100" ;" 7" ;" 175,00" ;" " ;" " ;" 175,00" 
" Кондитерские изделия" ;" 4179" ;" шокл.Олд.кол.черн.1/100" ;" 2" ;" 42,00" ;" " ;" " ;" 42,00" 
" Кондитерские изделия" ;" 4180" ;" щокол.Олд.кол.мол.1/100" ;" 4" ;" 74,80" ;" " ;" " ;" 74,80" 
" Кондитерские изделия" ;" 4215" ;" конф.Зоряний сад 1/200" ;" 1" ;" 35,30" ;" " ;" " ;" 35,30" 
" Кондитерские изделия" ;" 4370" ;" конф.Вечір Золотий 1/180" ;" 3" ;" 192,00" ;" " ;" " ;" 192,00" 
" Кондитерские изделия" ;" 4375" ;" конф.Вишня засп.в шокол.(Полтава)1/300" ;" 2" ;" 106,00" ;" " ;" " ;" 106,00" 
" Кондитерские изделия" ;" 4381" ;" конф.Набір Жорж 1/420" ;" 2" ;" 304,00" ;" " ;" " ;" 304,00" 
" Кондитерские изделия" ;" 4382" ;" конф.Фрукти заспирт.1/350" ;" 4" ;" 341,20" ;" " ;" " ;" 341,20" 
" Кондитерские изделия" ;" 4401" ;" шокол.Old Collect  (вишня)1/200" ;" 9" ;" 597,60" ;" " ;" " ;" 597,60" 
" Кондитерские изделия" ;" 4402" ;" шокол.Old Collect черн./апельс.1/200" ;" 7" ;" 464,80" ;" " ;" " ;" 464,80" 
" Кондитерские изделия" ;" 4449" ;" шокол.бат.Оленка 1/50" ;" 3" ;" 19,20" ;" " ;" " ;" 19,20" 
" Кондитерские изделия" ;" 4450" ;" конф.Дзеркальн.струмінь 1/450" ;" 1" ;" 143,50" ;" " ;" " ;" 143,50" 
" Кондитерские изделия" ;" 4486" ;" конф.Домінік ліс.горіх 1/210" ;" 5" ;" 321,50" ;" " ;" " ;" 321,50" 
" Кондитерские изделия" ;" 4513" ;" Конфеты  Baritone вершковий смак 1/415" ;" 3" ;" 198,80" ;" " ;" " ;" 198,80" 
" Кондитерские изделия" ;" 4514" ;" Конфеты  Baritone шоколадний смак 1/415" ;" 2" ;" 130,80" ;" " ;" " ;" 130,80" 
" Кондитерские изделия" ;" 4683" ;" конф.Жорж премиум 1/450" ;" 1" ;" 157,00" ;" " ;" " ;" 157,00" 
" Кондитерские изделия" ;" 4714" ;" шокол.батон.BONBAR 1/45" ;" 1" ;" 5,00" ;" " ;" " ;" 5,00" 
" Кондитерские изделия" ;" 4826" ;" конф.Шарм вер.нач.(тубус)1/235" ;" 3" ;" 150,00" ;" " ;" " ;" 150,00" 
" Кондитерские изделия" ;" 4827" ;" конф.Шарм гор.нач.(тубус)1/235" ;" 4" ;" 200,00" ;" " ;" " ;" 200,00" 
" Кондитерские изделия" ;" 4846" ;" конф.Супер конт.шок.1/100" ;" 4" ;" 32,00" ;" " ;" " ;" 32,00" 
" Кондитерские изделия" ;" 4848" ;" конф.Золота пташка суфле 1/165" ;" 2" ;" 62,00" ;" " ;" " ;" 62,00" 
" Кондитерские изделия" ;" 4850" ;" конф.Беліссімо дыня/арбуз 1/225" ;" 1" ;" 38,00" ;" " ;" " ;" 38,00" 
" Кондитерские изделия" ;" 4876" ;" шок.батончик Баунти 1/85" ;" 7" ;" 133,00" ;" " ;" " ;" 133,00" 
" Кондитерские изделия" ;" 4877" ;" шок.бат.Милки Вей 1/43" ;" 1" ;" 12,30" ;" " ;" " ;" 12,30" 
" Кондитерские изделия" ;" 4878" ;" шок.бат.Сникерс 1/112.5" ;" 5" ;" 108,00" ;" " ;" " ;" 108,00" 
" Кондитерские изделия" ;" 4879" ;" шок.бат.Твикс 1/75" ;" 5" ;" 95,00" ;" " ;" " ;" 95,00" 
" Кондитерские изделия" ;" 4880" ;" конф.Гранд Пралине 1/135" ;" 4" ;" 216,00" ;" " ;" " ;" 216,00" 
" Кондитерские изделия" ;" 4881" ;" конф. КреАмо фундук 1/335(тубус)" ;" 4" ;" 284,00" ;" " ;" " ;" 284,00" 
" Кондитерские изделия" ;" 4921" ;" Шок.бат.СнекДжой(черносл)1/48" ;" 4" ;" 22,80" ;" " ;" " ;" 22,80" 
" Кондитерские изделия" ;" 4932" ;" драже ММдемс с арах.мол.1/45" ;" 5" ;" 68,50" ;" " ;" " ;" 68,50" 
" Кондитерские изделия" ;" 4933" ;" Драже ММдемс мол.1/45" ;" 5" ;" 68,50" ;" " ;" " ;" 68,50" 
" Кондитерские изделия" ;" 4934" ;" шок.бат.MARS(нуга карам)1/70" ;" 1" ;" 19,00" ;" " ;" " ;" 19,00" 
" Кондитерские изделия" ;" 4935" ;" батон.SNICKERS(в бел.шокол.)1/80" ;" 4" ;" 86,40" ;" " ;" " ;" 86,40" 
" Кондитерские изделия" ;" 4946" ;" конф.Амур(капучино)1/150" ;" 1" ;" 44,50" ;" " ;" " ;" 44,50" 
" Кондитерские изделия" ;" 4948" ;" Печ.Супер контик Ван/мол.1/100" ;" 7" ;" 56,00" ;" " ;" " ;" 56,00" 
" Кондитерские изделия" ;" 4954" ;" шок.бат.Баритон горіх 1/34" ;" 1" ;" 5,20" ;" " ;" " ;" 5,20" 
" Коньяк" ;" 42" ;" коньяк Арт Контер0,7 XO" ;" 1" ;" 1 500,00" ;" " ;" " ;" 1 500,00" 
" Коньяк" ;" 122" ;" А.коньяк  АРАРАТ 5* 40% 0.5л Н/Д (7502)" ;" 2" ;" 700,00" ;" " ;" " ;" 700,00" 
" Коньяк" ;" 681" ;" коньяк Алекс-Голд 0.5" ;" 6" ;" 1 314,00" ;" " ;" " ;" 1 314,00" 
" Коньяк" ;" 682" ;" коньяк Алекс-Сильвер 0.5" ;" 3" ;" 576,00" ;" " ;" " ;" 576,00" 
" Коньяк" ;" 790" ;" коньяк Ужгород *** 0.5" ;" 3" ;" 375,00" ;" " ;" " ;" 375,00" 
" Коньяк" ;" 792" ;" коньяк Ужгород Закарпатский 0.5" ;" 1" ;" 153,00" ;" " ;" " ;" 153,00" 
" Коньяк" ;" 793" ;" коньяк Шустов 3* 0.5" ;" 2" ;" 210,00" ;" " ;" " ;" 210,00" 
" Коньяк" ;" 872" ;" коньяк Шабо 0,25" ;" 1" ;" 57,20" ;" " ;" " ;" 57,20" 
" Коньяк" ;" 873" ;" коньяк Шабо VS 0,5" ;" 15" ;" 1 638,80" ;" " ;" " ;" 1 638,80" 
" Коньяк" ;" 874" ;" коньяк Шабо VSOP 0,5" ;" 2" ;" 258,00" ;" " ;" " ;" 258,00" 
" Коньяк" ;" 994" ;" коньяк Арагвели 3зв 0.5" ;" 1" ;" 172,00" ;" " ;" " ;" 172,00" 
" Коньяк" ;" 1003" ;" коньяк Коктебель 3* 0.5" ;" 3" ;" 315,00" ;" " ;" " ;" 315,00" 
" Коньяк" ;" 1016" ;" коньяк Десна 0,5 Шустов 4*" ;" 1" ;" 110,00" ;" " ;" " ;" 110,00" 
" Коньяк" ;" 1032" ;" коньяк Тиса 0,5" ;" 1" ;" 360,00" ;" " ;" " ;" 360,00" 
" Коньяк" ;" 1066" ;" коньяк Аркадия 0,5" ;" 1" ;" 189,00" ;" " ;" " ;" 189,00" 
" Коньяк" ;" 1224" ;" коньяк Болград 0,5 4*" ;" 2" ;" 256,00" ;" " ;" " ;" 256,00" 
" Коньяк" ;" 1267" ;" коньяк сув. Дракон 0.25" ;" 1" ;" 160,00" ;" " ;" " ;" 160,00" 
" Коньяк" ;" 1791" ;" коньяк "Болград"0.5 керам." ;" 1" ;" 223,00" ;" " ;" " ;" 223,00" 
" Коньяк" ;" 1961" ;" коньяк Коктебель 5* 0.5" ;" 2" ;" 252,00" ;" " ;" " ;" 252,00" 
" Коньяк" ;" 1976" ;" Коньяк "Белий аист"5* 0.5" ;" 4" ;" 684,00" ;" " ;" " ;" 684,00" 
" Коньяк" ;" 2001" ;" коньяк АЯКС 3* 0.5" ;" 1" ;" 105,00" ;" " ;" " ;" 105,00" 
" Коньяк" ;" 2099" ;" коньяк АрАрАт5* 0.05" ;" 2" ;" 122,00" ;" " ;" " ;" 122,00" 
" Коньяк" ;" 2187" ;" коньяк Мартель 0.05" ;" 2" ;" 198,00" ;" " ;" " ;" 198,00" 
" Коньяк" ;" 2207" ;" коньяк Коктебель 4* 0.5" ;" 5" ;" 550,00" ;" " ;" " ;" 550,00" 
" Коньяк" ;" 2473" ;" коньяк 3* 0.25 Ужгород" ;" 8" ;" 523,20" ;" " ;" " ;" 523,20" 
" Коньяк" ;" 2529" ;" коньяк Шато де Луї 0.5 VS" ;" 1" ;" 202,00" ;" " ;" " ;" 202,00" 
" Коньяк" ;" 2775" ;" коньяк Алекс платин.0.5 тубус" ;" 1" ;" 267,00" ;" " ;" " ;" 267,00" 
" Коньяк" ;" 2787" ;" коньяк "Оквін"3* 0.5" ;" 2" ;" 210,00" ;" " ;" " ;" 210,00" 
" Коньяк" ;" 2789" ;" коньяк "Стар.Кахеті"5* 0.5" ;" 1" ;" 219,00" ;" " ;" " ;" 219,00" 
" Коньяк" ;" 2851" ;" коньяк Оквін 0.25" ;" 1" ;" 56,00" ;" " ;" " ;" 56,00" 
" Коньяк" ;" 2993" ;" бренді Ремі(VSOP)0.5" ;" 1" ;" 228,00" ;" " ;" " ;" 228,00" 
" Коньяк" ;" 3122" ;" коньяк Стар Кахеті 4* сув.кор. 0.5" ;" 1" ;" 216,00" ;" " ;" " ;" 216,00" 
" Коньяк" ;" 3131" ;" коньяк Кримський резерв 0.5 5*" ;" 1" ;" 126,00" ;" " ;" " ;" 126,00" 
" Коньяк" ;" 3139" ;" Бренді Івероні 3* 0.5" ;" 1" ;" 160,00" ;" " ;" " ;" 160,00" 
" Коньяк" ;" 3153" ;" коньяк Шустов ЕСТЕ VSOP 0.5без кор." ;" 1" ;" 191,00" ;" " ;" " ;" 191,00" 
" Коньяк" ;" 3277" ;" Коньяк Легенда Армении 3* 0.5" ;" 1" ;" 201,00" ;" " ;" " ;" 201,00" 
" Коньяк" ;" 3361" ;" коньяк Коблево 3* 0.5" ;" 7" ;" 735,00" ;" " ;" " ;" 735,00" 
" Коньяк" ;" 3407" ;" коньяк Шустов 5* 0.5 РЕСТ" ;" 4" ;" 504,00" ;" " ;" " ;" 504,00" 
" Коньяк" ;" 3510" ;" коньяк Стар.Кахеті 0.5 4*" ;" 1" ;" 190,00" ;" " ;" " ;" 190,00" 
" Коньяк" ;" 3535" ;" коньяк Коблево 3* 0.25" ;" 5" ;" 262,50" ;" " ;" " ;" 262,50" 
" Коньяк" ;" 3538" ;" коньяк Бучач Потоцький 0.5 4*" ;" 2" ;" 254,00" ;" " ;" " ;" 254,00" 
" Коньяк" ;" 3777" ;" коньяк Гранд резерв 5* 0.5" ;" 3" ;" 472,80" ;" " ;" " ;" 472,80" 
" Коньяк" ;" 3778" ;" коньяк Шабо VVSOP 0.5" ;" 2" ;" 294,60" ;" " ;" " ;" 294,60" 
" Коньяк" ;" 4020" ;" коньяк Потемкин премиум 3* 0.5" ;" 6" ;" 876,00" ;" " ;" " ;" 876,00" 
" Коньяк" ;" 4111" ;" коньяк "Дорошенко"5* 0.5" ;" 4" ;" 569,00" ;" " ;" " ;" 569,00" 
" Коньяк" ;" 4156" ;" коньяк Ст.граф 3* 0.2" ;" 1" ;" 45,00" ;" " ;" " ;" 45,00" 
" Коньяк" ;" 4195" ;" коньяк Азнаурі 3* 0.5" ;" 6" ;" 780,00" ;" " ;" " ;" 780,00" 
" Коньяк" ;" 4238" ;" коньяк Арарат 3* 0.7" ;" 3" ;" 1 080,00" ;" " ;" " ;" 1 080,00" 
" Коньяк" ;" 4326" ;" коньяк Потемкин Прем.0.5 4*" ;" 1" ;" 148,00" ;" " ;" " ;" 148,00" 
" Коньяк" ;" 4332" ;" коньяк Шустов 3* 0.1" ;" 6" ;" 180,00" ;" " ;" " ;" 180,00" 
" Коньяк" ;" 4333" ;" коньяк Азнаурі 5* 0.5( Туб)" ;" 3" ;" 570,00" ;" " ;" " ;" 570,00" 
" Коньяк" ;" 4363" ;" Бренді Івероні 3* 0.7" ;" 1" ;" 218,00" ;" " ;" " ;" 218,00" 
" Коньяк" ;" 4505" ;" коньяк Магарач 3* 0.5" ;" 1" ;" 105,00" ;" " ;" " ;" 105,00" 
" Коньяк" ;" 4520" ;" коньяк сув.Бочонок 5* 05" ;" 2" ;" 390,00" ;" " ;" " ;" 390,00" 
" Коньяк" ;" 4521" ;" коньяк сув. Собака 5* 0.5" ;" 1" ;" 195,00" ;" " ;" " ;" 195,00" 
" Коньяк" ;" 4522" ;" коньяк сув.Парусник 5* 0.7" ;" 1" ;" 225,00" ;" " ;" " ;" 225,00" 
" Коньяк" ;" 4555" ;" коньяк сув.Півень 5* 0.5" ;" 1" ;" 205,00" ;" " ;" " ;" 205,00" 
" Коньяк" ;" 4576" ;" коньяк Старовірменський 4* 0.5" ;" 1" ;" 158,00" ;" " ;" " ;" 158,00" 
" Коньяк" ;" 4589" ;" коньяк Старовірменський 5* 0.5" ;" 1" ;" 167,00" ;" " ;" " ;" 167,00" 
" Коньяк" ;" 4647" ;" коньяк сув.Півень 0.25" ;" 2" ;" 330,00" ;" " ;" " ;" 330,00" 
" Коньяк" ;" 4655" ;" коньяк Болград (кинжал)5* 0.2" ;" 1" ;" 303,00" ;" " ;" " ;" 303,00" 
" Коньяк" ;" 4711" ;" коньяк Коктебель 4* 0.25" ;" 1" ;" 59,00" ;" " ;" " ;" 59,00" 
" Коньяк" ;" 4834" ;" коньяк Потемкин 3* 0.1" ;" 3" ;" 75,00" ;" " ;" " ;" 75,00" 
" Коньяк" ;" 4882" ;" коньяк Аякс 5* 0.5 (тубус)" ;" 1" ;" 120,00" ;" " ;" " ;" 120,00" 
" Коньяк" ;" 4885" ;" коньяк Азнаури 3* 0.25" ;" 1" ;" 64,00" ;" " ;" " ;" 64,00" 
" Коньяк" ;" 4925" ;" коньяк Потемкин сув.дер.кор.3* 0.5" ;" 1" ;" 270,00" ;" " ;" " ;" 270,00" 
" Напитки, соки" ;" 601" ;" САН Нап Pepsi 0,5л 24 шт" ;" 11" ;" 103,20" ;" " ;" " ;" 103,20" 
" Напитки, соки" ;" 603" ;" САН Нап Pepsi 1,5л 6 шт" ;" 5" ;" 82,00" ;" " ;" " ;" 82,00" 
" Напитки, соки" ;" 604" ;" САН Нап Pepsi 2л 6 шт" ;" 9" ;" 194,70" ;" " ;" " ;" 194,70" 
" Напитки, соки" ;" 608" ;" САН Сік Sandora Апельсин 1л 10 шт" ;" 3" ;" 81,00" ;" " ;" " ;" 81,00" 
" Напитки, соки" ;" 611" ;" САН Сік Sandora Банан 1л 10 шт" ;" 2" ;" 50,00" ;" " ;" " ;" 50,00" 
" Напитки, соки" ;" 615" ;" САН Сік Sandora Виноград 1л 10 шт" ;" 1" ;" 25,00" ;" " ;" " ;" 25,00" 
" Напитки, соки" ;" 620" ;" САН Сік Sandora Вишня 1л 10 шт" ;" 4" ;" 100,00" ;" " ;" " ;" 100,00" 
" Напитки, соки" ;" 625" ;" САН Сік Sandora Гранат 1л 10 шт" ;" 2" ;" 48,60" ;" " ;" " ;" 48,60" 
" Напитки, соки" ;" 626" ;" САН Сік Sandora Грейфрукт 1л 10 шт" ;" 1" ;" 26,20" ;" " ;" " ;" 26,20" 
" Напитки, соки" ;" 627" ;" САН Сік Sandora Лимон 1л 10 шт" ;" 4" ;" 100,00" ;" " ;" " ;" 100,00" 
" Напитки, соки" ;" 628" ;" САН Сік Sandora Манго 1л 10 шт" ;" 1" ;" 25,00" ;" " ;" " ;" 25,00" 
" Напитки, соки" ;" 633" ;" САН Сік Sandora Мультивіт 1л 10 шт" ;" 3" ;" 69,00" ;" " ;" " ;" 69,00" 
" Напитки, соки" ;" 638" ;" САН Сік Sandora Персик 1л 10 шт" ;" 1" ;" 22,20" ;" " ;" " ;" 22,20" 
" Напитки, соки" ;" 647" ;" САН Сік Sandora Чор Смород 1л 10 шт" ;" 1" ;" 23,00" ;" " ;" " ;" 23,00" 
" Напитки, соки" ;" 650" ;" САН Сік Sandora Яблуко 1л 10 шт" ;" 4" ;" 92,00" ;" " ;" " ;" 92,00" 
" Напитки, соки" ;" 711" ;" вода Моршинская 0,75 негаз" ;" 5" ;" 43,00" ;" " ;" " ;" 43,00" 
" Напитки, соки" ;" 712" ;" вода Моршинская 0,75 слаб" ;" 6" ;" 53,60" ;" " ;" " ;" 53,60" 
" Напитки, соки" ;" 713" ;" вода Миргородская 1.5" ;" 17" ;" 142,60" ;" " ;" " ;" 142,60" 
" Напитки, соки" ;" 715" ;" вода боржоми 0.5" ;" 69" ;" 1 338,60" ;" " ;" " ;" 1 338,60" 
" Напитки, соки" ;" 716" ;" вода Моршинская негазованая 0.5" ;" 10" ;" 80,00" ;" " ;" " ;" 80,00" 
" Напитки, соки" ;" 717" ;" вода Моршинская сл.газ 0.5" ;" 3" ;" 24,00" ;" " ;" " ;" 24,00" 
" Напитки, соки" ;" 718" ;" вода Моршинская негаз 1.5" ;" 5" ;" 50,00" ;" " ;" " ;" 50,00" 
" Напитки, соки" ;" 719" ;" вода Моршинская сильногаз 1.5" ;" 8" ;" 80,00" ;" " ;" " ;" 80,00" 
" Напитки, соки" ;" 720" ;" вода Моршинская сл.газ 1.5" ;" 19" ;" 203,30" ;" " ;" " ;" 203,30" 
" Напитки, соки" ;" 892" ;" нап. Пепси ж.б. 0,33" ;" 2" ;" 15,60" ;" " ;" " ;" 15,60" 
" Напитки, соки" ;" 1023" ;" вода Поляна Квасова 1,5" ;" 6" ;" 79,20" ;" " ;" " ;" 79,20" 
" Напитки, соки" ;" 1314" ;" вода Миргор. Лагидна 1,5не газ." ;" 1" ;" 7,60" ;" " ;" " ;" 7,60" 
" Напитки, соки" ;" 1315" ;" вода Миргор. лагидна 1,5 сл.газ" ;" 18" ;" 136,80" ;" " ;" " ;" 136,80" 
" Напитки, соки" ;" 1449" ;" вода "Есентуки" 0,5№17" ;" 1" ;" 16,20" ;" " ;" " ;" 16,20" 
" Напитки, соки" ;" 1549" ;" Мін. вода 0.5 Поляна квас." ;" 26" ;" 354,00" ;" " ;" " ;" 354,00" 
" Напитки, соки" ;" 1587" ;" вода Есентукі №4 0.5" ;" 1" ;" 16,20" ;" " ;" " ;" 16,20" 
" Напитки, соки" ;" 1821" ;" вода 0.5"Лужанська"" ;" 1" ;" 12,00" ;" " ;" " ;" 12,00" 
" Напитки, соки" ;" 1822" ;" вода 0.5"Поляна купель"" ;" 1" ;" 12,00" ;" " ;" " ;" 12,00" 
" Напитки, соки" ;" 1945" ;" Сік Журавлина 1л." ;" 1" ;" 25,00" ;" " ;" " ;" 25,00" 
" Напитки, соки" ;" 2382" ;" вода "Боржомі"0.75" ;" 5" ;" 102,00" ;" " ;" " ;" 102,00" 
" Напитки, соки" ;" 2384" ;" Мін.вода 1,5" Лужанська"" ;" 2" ;" 22,20" ;" " ;" " ;" 22,20" 
" Напитки, соки" ;" 2898" ;" нап.пепсі лайт 1л" ;" 4" ;" 52,00" ;" " ;" " ;" 52,00" 
" Напитки, соки" ;" 2920" ;" Мін.вода "Поляна купель"1.5" ;" 5" ;" 66,00" ;" " ;" " ;" 66,00" 
" Напитки, соки" ;" 3003" ;" нап."Груз.букет"троянда 0.5" ;" 1" ;" 18,00" ;" " ;" " ;" 18,00" 
" Напитки, соки" ;" 3005" ;" нап."Груз.букет"дюшес 0.5" ;" 13" ;" 253,50" ;" " ;" " ;" 253,50" 
" Напитки, соки" ;" 3006" ;" нап."Груз.букет"лимон 0.5" ;" 12" ;" 234,00" ;" " ;" " ;" 234,00" 
" Напитки, соки" ;" 3007" ;" нап."Груз.букет"сітро 0.5" ;" 13" ;" 253,50" ;" " ;" " ;" 253,50" 
" Напитки, соки" ;" 3008" ;" нап."Груз.букет"тархун 0.5" ;" 4" ;" 73,50" ;" " ;" " ;" 73,50" 
" Напитки, соки" ;" 3009" ;" нап."Груз.букет"вершковий 0.5" ;" 3" ;" 58,50" ;" " ;" " ;" 58,50" 
" Напитки, соки" ;" 3250" ;" сік ОКЗДП 0.95(томат)" ;" 1" ;" 18,10" ;" " ;" " ;" 18,10" 
" Напитки, соки" ;" 3252" ;" сік ОКЗДП 0.95(ябл/клуб)" ;" 2" ;" 36,20" ;" " ;" " ;" 36,20" 
" Напитки, соки" ;" 3309" ;" сік ОКЗДХ 0.95(айва)" ;" 1" ;" 17,60" ;" " ;" " ;" 17,60" 
" Напитки, соки" ;" 3311" ;" сік ОКЗДХ 0.95(вишня)" ;" 1" ;" 18,10" ;" " ;" " ;" 18,10" 
" Напитки, соки" ;" 3312" ;" сік ОКЗДХ 0.95(груша)" ;" 1" ;" 18,10" ;" " ;" " ;" 18,10" 
" Напитки, соки" ;" 3313" ;" сік ОКЗДХ 0.95(слива)" ;" 1" ;" 18,10" ;" " ;" " ;" 18,10" 
" Напитки, соки" ;" 3647" ;" сік ОКЗДП 0.95 Виногр.чер./ябл." ;" 2" ;" 35,20" ;" " ;" " ;" 35,20" 
" Напитки, соки" ;" 3776" ;" нап.груз.букет крюшон 0.5" ;" 7" ;" 136,50" ;" " ;" " ;" 136,50" 
" Напитки, соки" ;" 3854" ;" напиток Лімонад 1.5" ;" 4" ;" 49,60" ;" " ;" " ;" 49,60" 
" Напитки, соки" ;" 3857" ;" напиток Груша 1.5" ;" 2" ;" 24,80" ;" " ;" " ;" 24,80" 
" Напитки, соки" ;" 3912" ;" Вода Миргород Лагідна 0.75 сл.газ" ;" 1" ;" 6,90" ;" " ;" " ;" 6,90" 
" Напитки, соки" ;" 4055" ;" сік Садочок (ябл/виш)1.93" ;" 1" ;" 32,20" ;" " ;" " ;" 32,20" 
" Напитки, соки" ;" 4056" ;" сік Садочок(ябл/полун)1.93" ;" 1" ;" 32,30" ;" " ;" " ;" 32,30" 
" Напитки, соки" ;" 4131" ;" сік Садочок ябл/виногр.1.93" ;" 2" ;" 64,60" ;" " ;" " ;" 64,60" 
" Напитки, соки" ;" 4132" ;" вода Аква не газ.0.6" ;" 2" ;" 13,80" ;" " ;" " ;" 13,80" 
" Напитки, соки" ;" 4133" ;" вода Аква сред/газ 0.6" ;" 1" ;" 7,00" ;" " ;" " ;" 7,00" 
" Напитки, соки" ;" 4171" ;" сік Садочок мультівіт.1.93" ;" 3" ;" 96,60" ;" " ;" " ;" 96,60" 
" Напитки, соки" ;" 4216" ;" Напиток Мірінда 1л" ;" 1" ;" 12,90" ;" " ;" " ;" 12,90" 
" Напитки, соки" ;" 4258" ;" сік Садочок Ябл/виног.(чер) 1.93" ;" 1" ;" 32,20" ;" " ;" " ;" 32,20" 
" Напитки, соки" ;" 4312" ;" сок Садочок(яблоко)0.2" ;" 2" ;" 12,00" ;" " ;" " ;" 12,00" 
" Напитки, соки" ;" 4316" ;" Сок Садочок (яблуко)1.93" ;" 1" ;" 32,30" ;" " ;" " ;" 32,30" 
" Напитки, соки" ;" 4752" ;" сік Сандора (цитрус-ацерола)ЭНЕРГИЯ 0,95" ;" 2" ;" 54,00" ;" " ;" " ;" 54,00" 
" Напитки, соки" ;" 4771" ;" сок Сандора (ягоди годжи ) 0.95" ;" 2" ;" 54,00" ;" " ;" " ;" 54,00" 
" Напитки, соки" ;" 4785" ;" тоник Evervess 0.5" ;" 4" ;" 44,00" ;" " ;" " ;" 44,00" 
" Напитки, соки" ;" 4887" ;" Сік Садочок Ананас/Яблоко 0.95" ;" 1" ;" 17,60" ;" " ;" " ;" 17,60" 
" Напитки, соки" ;" 4918" ;" Сік Садочок (ябл/морк/полун)0.2" ;" 1" ;" 6,00" ;" " ;" " ;" 6,00" 
" Напитки, соки" ;" 4927" ;" напій Мірінда (ананас)2л" ;" 3" ;" 64,50" ;" " ;" " ;" 64,50" 
" Напитки, соки" ;" 4928" ;" напій Пепсі Блек 1л" ;" 9" ;" 117,00" ;" " ;" " ;" 117,00" 
" Напитки, соки" ;" 4929" ;" сік Садочок (ябл/виног.бел)0.2" ;" 2" ;" 12,00" ;" " ;" " ;" 12,00" 
" Напитки, соки" ;" 4957" ;" сок Jaffa 0.25(мультифр)" ;" 3" ;" 40,80" ;" " ;" " ;" 40,80" 
" Напитки, соки" ;" 4958" ;" Сок Jaffa 0.25(яблоко)" ;" 1" ;" 13,60" ;" " ;" " ;" 13,60" 
" Прочие алк.товары (ром, текила и пр.)" ;" 1112" ;" вермут Маренго роз.0,5" ;" 1" ;" 43,20" ;" " ;" " ;" 43,20" 
" Прочие алк.товары (ром, текила и пр.)" ;" 1140" ;" вермут Маренго 1л" ;" 5" ;" 352,40" ;" " ;" " ;" 352,40" 
" Прочие алк.товары (ром, текила и пр.)" ;" 1475" ;" Сув. набор Маренго 2*0.5" ;" 1" ;" 168,00" ;" " ;" " ;" 168,00" 
" Прочие алк.товары (ром, текила и пр.)" ;" 2497" ;" Джин Фісбарі платінум 0.7" ;" 1" ;" 319,00" ;" " ;" " ;" 319,00" 
" Прочие алк.товары (ром, текила и пр.)" ;" 2692" ;" вермут Маренго" Sea breeze "1л" ;" 1" ;" 81,60" ;" " ;" " ;" 81,60" 
" Прочие алк.товары (ром, текила и пр.)" ;" 2778" ;" настойка 0.5Абрикос вермут Люботин" ;" 3" ;" 75,00" ;" " ;" " ;" 75,00" 
" Прочие алк.товары (ром, текила и пр.)" ;" 2779" ;" настойка 0.5 Апельсин вермут Люботин" ;" 3" ;" 75,00" ;" " ;" " ;" 75,00" 
" Прочие алк.товары (ром, текила и пр.)" ;" 2780" ;" настойка 0.5 Малина вермут Люботин" ;" 2" ;" 50,00" ;" " ;" " ;" 50,00" 
" Прочие алк.товары (ром, текила и пр.)" ;" 2781" ;" настойка 0.5 Смородина вермут Люботин" ;" 3" ;" 75,00" ;" " ;" " ;" 75,00" 
" Прочие алк.товары (ром, текила и пр.)" ;" 2828" ;" Лікер "Бейлиз"1л" ;" 1" ;" 696,00" ;" " ;" " ;" 696,00" 
" Прочие алк.товары (ром, текила и пр.)" ;" 2831" ;" Лікер Воларе "Амаретто"0.7" ;" 1" ;" 258,00" ;" " ;" " ;" 258,00" 
" Прочие алк.товары (ром, текила и пр.)" ;" 2943" ;" Лікер Міндальний 0.75" ;" 1" ;" 189,00" ;" " ;" " ;" 189,00" 
" Прочие алк.товары (ром, текила и пр.)" ;" 3067" ;" вермут Люботин (вишня)0.5" ;" 2" ;" 50,00" ;" " ;" " ;" 50,00" 
" Прочие алк.товары (ром, текила и пр.)" ;" 3068" ;" вермут Люботин (журавлина)0.5" ;" 3" ;" 75,00" ;" " ;" " ;" 75,00" 
" Прочие алк.товары (ром, текила и пр.)" ;" 3071" ;" вермут Люботин(горобина)0.5" ;" 2" ;" 50,00" ;" " ;" " ;" 50,00" 
" Прочие алк.товары (ром, текила и пр.)" ;" 3072" ;" вермут Люботин(слива)0.5" ;" 1" ;" 25,00" ;" " ;" " ;" 25,00" 
" Прочие алк.товары (ром, текила и пр.)" ;" 3129" ;" бренді Каховський 0.5 класік" ;" 4" ;" 376,80" ;" " ;" " ;" 376,80" 
" Прочие алк.товары (ром, текила и пр.)" ;" 3130" ;" бренді Каховський 0.5 люкс" ;" 1" ;" 98,00" ;" " ;" " ;" 98,00" 
" Прочие алк.товары (ром, текила и пр.)" ;" 3177" ;" напій винний  Наомі гранат 0.75" ;" 1" ;" 50,50" ;" " ;" " ;" 50,50" 
" Прочие алк.товары (ром, текила и пр.)" ;" 3221" ;" настойка 0.5 Люботин (ананас)" ;" 4" ;" 100,00" ;" " ;" " ;" 100,00" 
" Прочие алк.товары (ром, текила и пр.)" ;" 3486" ;" напій Жатон вайт 0.5" ;" 1" ;" 106,00" ;" " ;" " ;" 106,00" 
" Прочие алк.товары (ром, текила и пр.)" ;" 3633" ;" настоянка Сопліца  Айва 0.5" ;" 1" ;" 115,60" ;" " ;" " ;" 115,60" 
" Прочие алк.товары (ром, текила и пр.)" ;" 3659" ;" напій вин. Такадо айва 0.7" ;" 1" ;" 53,00" ;" " ;" " ;" 53,00" 
" Прочие алк.товары (ром, текила и пр.)" ;" 3930" ;" Настойка Житньовка Гірка 0.5" ;" 1" ;" 65,00" ;" " ;" " ;" 65,00" 
" Прочие алк.товары (ром, текила и пр.)" ;" 3931" ;" Настойка Житньовка Гірка з Мятою 0.5" ;" 1" ;" 75,10" ;" " ;" " ;" 75,10" 
" Прочие алк.товары (ром, текила и пр.)" ;" 3940" ;" напій плод/ягідн.Стигла ожина 0.5" ;" 1" ;" 29,00" ;" " ;" " ;" 29,00" 
" Прочие алк.товары (ром, текила и пр.)" ;" 3984" ;" Напій винний Наомі ягоди годжи/имбирь 0.7" ;" 1" ;" 50,50" ;" " ;" " ;" 50,50" 
" Прочие алк.товары (ром, текила и пр.)" ;" 4015" ;" Бальзам Хербал Парк 0.25" ;" 1" ;" 60,00" ;" " ;" " ;" 60,00" 
" Прочие алк.товары (ром, текила и пр.)" ;" 4062" ;" настойка Вдала (кава)0.5" ;" 1" ;" 35,00" ;" " ;" " ;" 35,00" 
" Прочие алк.товары (ром, текила и пр.)" ;" 4141" ;" бренди Стумари 0.5 3*" ;" 2" ;" 234,00" ;" " ;" " ;" 234,00" 
" Прочие алк.товары (ром, текила и пр.)" ;" 4164" ;" Ром Бакарді Бланка 0.7" ;" 1" ;" 318,00" ;" " ;" " ;" 318,00" 
" Прочие алк.товары (ром, текила и пр.)" ;" 4168" ;" бальзам Вітязь 0.5" ;" 3" ;" 210,00" ;" " ;" " ;" 210,00" 
" Прочие алк.товары (ром, текила и пр.)" ;" 4221" ;" бренді Шустов 150 0.5" ;" 5" ;" 490,00" ;" " ;" " ;" 490,00" 
" Прочие алк.товары (ром, текила и пр.)" ;" 4232" ;" Ром Капитан Морган Вайт 0.7" ;" 1" ;" 342,00" ;" " ;" " ;" 342,00" 
" Прочие алк.товары (ром, текила и пр.)" ;" 4301" ;" лікер Самбука Барберо 0.7" ;" 1" ;" 445,00" ;" " ;" " ;" 445,00" 
" Прочие алк.товары (ром, текила и пр.)" ;" 4331" ;" вино Виногр.Такадо (гранат)0.7" ;" 1" ;" 50,00" ;" " ;" " ;" 50,00" 
" Прочие алк.товары (ром, текила и пр.)" ;" 4385" ;" ликер Дейлис оригин.0.5" ;" 1" ;" 99,00" ;" " ;" " ;" 99,00" 
" Прочие алк.товары (ром, текила и пр.)" ;" 4386" ;" ликер Дейлис Тірамісу 0.5" ;" 1" ;" 99,00" ;" " ;" " ;" 99,00" 
" Прочие алк.товары (ром, текила и пр.)" ;" 4425" ;" Текіла Бланка 0.75" ;" 1" ;" 368,00" ;" " ;" " ;" 368,00" 
" Прочие алк.товары (ром, текила и пр.)" ;" 4457" ;" Алког.напій Джим Бім Епл 0.7" ;" 1" ;" 490,00" ;" " ;" " ;" 490,00" 
" Прочие алк.товары (ром, текила и пр.)" ;" 4574" ;" настойка "Самогон на абрикосах"0.5" ;" 4" ;" 280,00" ;" " ;" " ;" 280,00" 
" Прочие алк.товары (ром, текила и пр.)" ;" 4649" ;" бренді ГУРДЖИ 3* 0.5" ;" 3" ;" 477,00" ;" " ;" " ;" 477,00" 
" Прочие алк.товары (ром, текила и пр.)" ;" 4682" ;" Ром Капитан Морган Спешиал Блек 0.7" ;" 1" ;" 390,00" ;" " ;" " ;" 390,00" 
" Прочие алк.товары (ром, текила и пр.)" ;" 4701" ;" Винний бренді EPICIONI VS 0.5" ;" 1" ;" 162,00" ;" " ;" " ;" 162,00" 
" Прочие алк.товары (ром, текила и пр.)" ;" 4707" ;" Лікер Дейлис 0.5 (шокол)" ;" 2" ;" 198,00" ;" " ;" " ;" 198,00" 
" Прочие алк.товары (ром, текила и пр.)" ;" 4712" ;" Бальзам Грін Хілз 0.5" ;" 2" ;" 164,00" ;" " ;" " ;" 164,00" 
" Прочие алк.товары (ром, текила и пр.)" ;" 4766" ;" Бехеровка Лемонд 1л" ;" 1" ;" 388,00" ;" " ;" " ;" 388,00" 
" Прочие алк.товары (ром, текила и пр.)" ;" 4795" ;" лікер Бармамія Кава 0.7" ;" 1" ;" 185,00" ;" " ;" " ;" 185,00" 
" Прочие алк.товары (ром, текила и пр.)" ;" 4811" ;" напій Аль Капоне однос.0.5" ;" 2" ;" 146,00" ;" " ;" " ;" 146,00" 
" Прочие алк.товары (ром, текила и пр.)" ;" 4812" ;" напій Аль Капоне витрим.0.5" ;" 1" ;" 73,00" ;" " ;" " ;" 73,00" 
" Прочие алк.товары (ром, текила и пр.)" ;" 4822" ;" настойка Гранат Emotions 1л" ;" 1" ;" 220,00" ;" " ;" " ;" 220,00" 
" Прочие алк.товары (ром, текила и пр.)" ;" 4860" ;" напій Спіш Заграда абрикос 0.5" ;" 1" ;" 130,00" ;" " ;" " ;" 130,00" 
" Прочие алк.товары (ром, текила и пр.)" ;" 4864" ;" Фреш Шот (бел чай)0.5" ;" 1" ;" 82,00" ;" " ;" " ;" 82,00" 
" Прочие алк.товары (ром, текила и пр.)" ;" 4865" ;" Фреш Шот (грейфрут)0.5" ;" 1" ;" 82,00" ;" " ;" " ;" 82,00" 
" Прочие алк.товары (ром, текила и пр.)" ;" 4866" ;" Фреш Шот(диня)0.5" ;" 2" ;" 164,00" ;" " ;" " ;" 164,00" 
" Прочие алк.товары (ром, текила и пр.)" ;" 4867" ;" Фреш Шот(лайм-мята)0.5" ;" 1" ;" 82,00" ;" " ;" " ;" 82,00" 
" Прочие алк.товары (ром, текила и пр.)" ;" 4868" ;" Т.В. Чача 0.5" ;" 1" ;" 205,00" ;" " ;" " ;" 205,00" 
" Сувенирные товары" ;" 63" ;" Пакет карт.К/Арт на 3 бут." ;" 85" ;" 680,00" ;" " ;" " ;" 680,00" 
" Сувенирные товары" ;" 907" ;" пакет п/эт" ;" 270" ;" 1 080,00" ;" " ;" " ;" 1 080,00" 
" Сувенирные товары" ;" 2810" ;" тубус" ;" 174" ;" 4 002,00" ;" " ;" " ;" 4 002,00" 
"  Прочие товары" ;" 1648" ;" Орбіт Вінтерфреш" ;" 5" ;" 45,00" ;" " ;" " ;" 45,00" 
"  Прочие товары" ;" 1649" ;" ОрбітСуниця" ;" 3" ;" 27,00" ;" " ;" " ;" 27,00" 
"  Прочие товары" ;" 3056" ;" Орбіт Белоснежный" Bubblemint"" ;" 7" ;" 63,00" ;" " ;" " ;" 63,00" 
"  Прочие товары" ;" 3208" ;" Орбит солодка мята" ;" 2" ;" 18,00" ;" " ;" " ;" 18,00" 
"  Прочие товары" ;" 4511" ;" орбит Полуниця банан" ;" 1" ;" 9,00" ;" " ;" " ;" 9,00" 
"  Прочие товары" ;" 4602" ;" Эклипс (смородина)" ;" 3" ;" 28,20" ;" " ;" " ;" 28,20" 
"  Прочие товары" ;" 4872" ;" жев.рез.Eclipse (вишня)" ;" 9" ;" 84,60" ;" " ;" " ;" 84,60" 
"  Прочие товары" ;" 4873" ;" жев.рез.Eclipse (ледн.свеж)" ;" 1" ;" 9,40" ;" " ;" " ;" 9,40" 
"  Прочие товары" ;" 4875" ;" Орбит фантаст.апельсин " ;" 1" ;" 9,00" ;" " ;" " ;" 9,00" 
"  Прочие товары" ;" 4911" ;" Чай "AzercayДівоча Вежа"1/100 ж/б(чор)" ;" 1" ;" 127,00" ;" " ;" " ;" 127,00" 
"  Прочие товары" ;" 4913" ;" Чай "Azercay"зел.сундук 1/300 ж/б" ;" 1" ;" 234,00" ;" " ;" " ;" 234,00" 
